TOW_s,E_m,N_m,U_m
455341.0,1.7796454389014995,2.830371056056527,1.3389991197794373
455342.0,2.1790376865730616,2.2507871028917803,0.7269992288090454
455343.0,1.7332764778766072,3.0078785242164665,1.8649990529269207
455344.0,1.2139427449721532,3.619686293019579,2.342998851674902
455345.0,1.5661415403367074,2.8736681331158542,1.2389991577500747
455346.0,1.6081828490982573,2.9328003266116323,1.2959991192088416
455347.0,1.3875690465534831,3.0020092914071514,1.283999138673423
455348.0,0.6104232089964716,2.8979188588360865,1.1539993085449767
455349.0,-0.9714838999703463,3.6045155438069387,2.1349989020853712
455350.0,-2.1969672925570323,3.8978510581431016,2.0669984235190375
455351.0,-3.1629896320277155,4.812517224436428,1.8669973912790327
455352.0,-3.845645106508903,6.024062181757839,1.6139959817248704
455353.0,-4.5993995981262294,7.327295110102298,1.3099941110642286
455354.0,-4.876789956594758,8.849340735810006,2.2959919657178407
455355.0,-5.731010671137926,10.57236834818962,2.2779886175849335
455356.0,-6.833665354028288,12.245674574905815,1.334984522891225
455357.0,-8.433088018836093,15.617982680983415,2.2399752044146863
455358.0,-9.80437177331334,18.56528693994589,1.0499653053668832
455359.0,-11.928586608582561,23.202736448440447,1.7899464235377902
455360.0,-14.764302977343082,27.662561190942398,0.5059226154345371
455361.0,-17.0063929179223,32.7890107759483,0.37389261116247674
455362.0,-19.36924706296941,38.638890849817976,0.6588529484947134
455363.0,-22.68822846747537,44.40572402417744,1.1728042689645868
455364.0,-24.46177610688509,50.4806071633229,0.13975229028888592
455365.0,-27.729542586847817,55.82011889022863,0.7646941959661433
455366.0,-30.415530184870118,61.37821771574936,1.0566306248568331
455367.0,-33.16107548870347,66.67686811178119,1.4555634757679705
455368.0,-36.36958920991896,71.87641783436113,2.239489221341561
455369.0,-38.920275193528376,75.81601243693044,1.4224283212962732
455370.0,-42.69004349808505,80.0430695980554,0.08035229460853444
455371.0,-46.851389226346356,81.35196795837243,0.5533064495715898
455372.0,-51.271971380126686,83.6234601230758,-0.6757570694031223
455373.0,-55.92658821574609,82.509387812854,0.09921841951301502
455374.0,-60.262885698736966,82.62156040040352,-1.246822517468086
455375.0,-64.25422416784696,80.42439011526949,-0.8708332283450524
455376.0,-70.37085444258992,75.76830641228729,3.161159562423741
455377.0,-72.72401133084176,74.5216504180444,1.5761479443870066
455378.0,-75.88193618634628,72.6790350569591,0.7021325485886827
455379.0,-80.2009769755205,69.23911068822683,2.319118200305848
455380.0,-82.87028025689332,67.68451799910063,1.7331008681058293
455381.0,-82.93494465369311,66.57292450991363,-2.2598882109299403
455382.0,-87.48966533416952,64.19861932453557,1.2420754370375313
455383.0,-91.49884501870747,61.369824862655435,1.583047201274887
455384.0,-93.61943842298669,58.86977017776685,-0.2239598678412733
455385.0,-97.91869012526156,56.97824266487424,0.9439928782236784
455386.0,-101.72549033517744,54.72083596625059,0.9559531995291337
455387.0,-106.2825219105901,53.07623191766399,0.07289289742191585
455388.0,-111.68738337361314,52.730000572855054,-0.26719652597569166
455389.0,-118.37222032842568,53.488464943012175,-0.8283233775372985
455390.0,-122.31670784408674,57.40165874993389,2.7745680370641317
455391.0,-128.7019443192296,58.93446761455896,-0.29257160543690475
455392.0,-134.98846523520282,61.22337639459346,-2.764723168958877
455393.0,-140.3697094028564,64.0809263938845,-2.452867491918706
455394.0,-144.44012762393902,67.68901366806351,-3.0759957955838892
455395.0,-148.11614222025545,69.60121447730334,-2.5271007511528936
455396.0,-151.80830784830528,71.22682245950558,-3.2002055603804713
455397.0,-154.24434876202972,71.89957354682964,-1.7752715661989065
455398.0,-156.3928331090096,73.44935815495671,1.3376583876030104
455399.0,-158.03424817158125,73.701719438548,-0.297384977231939
455400.0,-159.81932729714822,73.18603654345384,-1.2664234678765567
455401.0,-161.30219230277675,72.3098018768781,-2.0604507316132086
455402.0,-161.4947441450459,70.78840310424849,-4.006438444834629
455403.0,-162.279024399862,69.85880495988725,-3.264448037178429
455404.0,-162.6438086082218,69.47733417547622,-2.796453135173522
455405.0,-162.87568119788403,69.64732673126589,-1.6174609146964762
455406.0,-162.64888754357116,69.85185231120212,-1.4704573766203701
455407.0,-162.99234862076662,70.09238166857274,-0.4964687936101093
455408.0,-162.72412781279502,69.95373766093529,-0.6574604172346774
455409.0,-162.6628084971246,70.06922942506748,-0.9774601275453634
455410.0,-162.58532514092482,70.19425008170728,-0.7624595365300699
455411.0,-162.5736720701505,70.07553814269988,-1.1774579267538527
455412.0,-162.4704268930677,70.04597208549572,-1.078454971514482
455413.0,-162.41633334579393,70.08251552507805,-0.9274539977229992
455414.0,-162.3774838933217,70.02626066458923,-1.0544523880991932
455415.0,-162.3727425585377,70.09768398686592,-1.0804530560820496
455416.0,-162.31554835769992,69.9983516512097,-1.35445050403478
455417.0,-162.3022590437291,70.08694073722637,-1.1964511440294139
455418.0,-162.13326499404494,70.02713985407914,-1.4294461878728342
455419.0,-162.0927747463217,70.04485927910277,-1.2164453544254492
455420.0,-162.01209603981266,70.17940264515745,-1.03844479255865
455421.0,-161.98477667104348,70.06312499343215,-1.6084428144182326
455422.0,-162.0211516923474,70.15282113180183,-1.5234447290161022
455423.0,-162.05855753848715,70.07663665498099,-1.4904448365168363
455424.0,-162.03331121983499,70.17995154878984,-1.4894453372457157
455425.0,-162.19045193592007,70.05648461035824,-1.4694479660896569
455426.0,-162.34965409537224,69.95128920356736,-1.4184508531054618
455427.0,-162.5293567667379,69.87975531353445,-1.543454638129937
455428.0,-162.69434386314177,70.09126795745978,-0.7904611757567039
455429.0,-162.77926167586145,70.1388897158106,-0.3294638667723433
455430.0,-162.88107929419147,70.157278049879,0.15553333076692866
455431.0,-163.00194833123163,70.126163177824,0.1755305888658114
455432.0,-163.23657992884833,70.19925285904401,0.4045237818629701
455433.0,-163.25533858096927,70.25019327336581,0.6215227397548659
455434.0,-163.29171804137897,70.2236197274518,0.8315221026261312
455435.0,-163.17043323537305,70.18984239848378,0.64452557769647
455436.0,-163.14766633462608,70.23834636540693,0.8745256235902943
455437.0,-163.03545527448273,70.32195073944062,0.9725275647866525
455438.0,-162.9467343532864,70.26436688571651,0.8785304687921496
455439.0,-163.0064961966489,70.33390794256495,0.8095281733407802
455440.0,-163.13179489912685,70.30511804904161,0.7855252898228073
455441.0,-163.18733542109538,70.19648809883194,0.776525073205363
455442.0,-163.38167353294196,69.00276854679544,0.3255331957844483
455443.0,-164.18739043047805,66.50084670552,0.5375392313271696
455444.0,-165.90963466834899,62.80590461678631,3.011532341011108
455445.0,-168.52126049389716,57.16599479672364,1.6585172265656318
455446.0,-171.58271874024092,51.19877681902767,2.1424866020961133
455447.0,-176.38716153072917,44.32798882603843,3.11640733238627
455448.0,-181.1032149494368,37.064958810210484,0.8323218180066618
455449.0,-186.60286299528738,30.93045097579561,1.0911962360011547
455450.0,-192.60173655943674,24.81178337607225,0.72604487200244
455451.0,-198.90264576594905,19.44047135806623,1.137870315662112
455452.0,-205.13545833008192,15.072415585390972,2.246684876001593
455453.0,-211.72611209219082,10.311367434850206,2.269479127354033
455454.0,-218.95361939074337,5.281911876070265,3.5632414100559884
455455.0,-224.86898530232043,2.4876149269307435,8.527037413416215
455456.0,-232.35910287317702,-4.567057156058505,4.432767913367435
455457.0,-238.81642102439258,-9.982758284969744,3.7175233069187708
455458.0,-247.70384450653134,-10.079290623539496,3.8091843532677454
455459.0,-253.34879604144842,-12.70294294642667,4.632958023765315
455460.0,-256.82531416660083,-17.999645211433148,4.151806233958181
455461.0,-262.3980003921637,-20.643644203817082,-3.482428541765791
455462.0,-262.88139353356405,-17.91705112656923,5.645559854657037
455463.0,-263.5117874469356,-18.456093707856738,4.920532309328894
455464.0,-265.70038183614645,-20.96682716300005,-1.7935662490924997
455465.0,-265.4472718297403,-19.100411383664326,0.5454501796582072
455466.0,-265.9448411635151,-17.259223034095662,0.7464347381701133
455467.0,-265.66396585907506,-19.803672718049636,-2.3245609971465147
455468.0,-264.32661882849936,-18.37767071420484,1.7514988348498104
455469.0,-264.0948096248301,-17.721908795601266,2.9035102985939396
455470.0,-263.95649705661,-18.544332560361024,1.854513669958953
455471.0,-263.46772521154907,-20.447297652521108,-2.414471982463131
455472.0,-264.6844279477766,-19.063991371499423,0.0794819758629366
455473.0,-265.24670097436257,-19.61091121402911,4.089456963921759
455474.0,-265.15160780203996,-21.640784134612296,3.6214543183156973
455475.0,-266.73572947119567,-20.29079909959535,5.31539276087691
455476.0,-266.7491828796711,-20.898497052950866,1.5203902221636447
455477.0,-268.95263174331706,-17.911062438116893,-0.017693132528373567
455478.0,-267.7325801736827,-16.081530558306056,0.06336307616756276
455479.0,-263.7995591608744,-19.93482491052411,1.1855159426209445
455480.0,-259.0221475815643,-23.296357877188953,1.1257001983783557
455481.0,-258.06895743619157,-14.373945057548648,-1.4552346949380084
455482.0,-251.25081456335658,-7.299137631293391,5.964049492031982
455483.0,-246.8731899308461,-5.505308447686387,4.943222161581385
455484.0,-239.75764820280853,-2.437078889625624,5.046495397049513
455485.0,-234.55160925005384,1.1094449411243286,5.887689249106137
455486.0,-228.40454260026945,4.077922671448515,5.2419110189053315
455487.0,-222.555101813644,8.549850268507122,6.237113259367267
455488.0,-216.52862554210273,6.907571002812364,4.426322595828628
455489.0,-212.65107539225107,12.542240449572155,4.833444354363568
455490.0,-209.17407094267665,21.86373878844676,13.579534005961534
455491.0,-204.02303799536895,26.719412731450397,20.69068219066903
455492.0,-203.42189764987938,26.524596421093264,14.458702196538148
455493.0,-200.51573528343198,25.96091127089155,12.452796508436487
455494.0,-204.13492986700376,27.00815439165297,7.538677382029588
455495.0,-207.23700308029345,26.207900594705087,3.5235807469776095
455496.0,-208.31038193057964,26.34024118593748,3.1895452488162306
455497.0,-208.50664535336182,26.077466545025292,2.098539924242301
455498.0,-209.97311059194658,26.725279517208417,1.3824891429081312
455499.0,-208.7022157826822,26.56248620481652,2.181531517368944
455500.0,-207.23289006072307,26.066382797295738,3.732581463411874
455501.0,-207.01670865527353,26.08387615731938,3.7805884091491873
455502.0,-207.2513317347351,26.205908296554888,3.700580290112116
455503.0,-207.5952746547478,26.307233499098984,3.3655686894361327
455504.0,-205.40547806758383,25.73892173000027,4.936641885094986
455505.0,-206.17332102526623,26.15141480469282,4.227615435799477
455506.0,-205.46575664509612,25.918312492060533,4.973639214225972
455507.0,-202.91541492916667,25.2745859262491,6.552723420183796
455508.0,-204.9213931543471,25.92317878898828,5.257656699334419
455509.0,-205.20136284558623,26.073339132808055,5.434647088179172
455510.0,-205.85885948294796,26.34575294862993,5.037624784662244
455511.0,-205.63546342032134,26.231582535011785,4.980632460998457
455512.0,-205.9170707548062,26.364245421590432,4.8086228293848325
455513.0,-205.64865048673187,26.107116672275467,4.8566325492268945
455514.0,-205.64710396271235,26.103794498354652,4.82763261246029
455515.0,-204.90114590645942,25.35467335835806,6.646659647582261
455516.0,-204.6471443966007,25.282360014689363,6.55066808635244
455517.0,-204.41808191760103,25.159663078533526,6.520675916961922
455518.0,-204.21509441669593,24.85514082424878,6.580683616078964
455519.0,-204.01498153464888,24.65337908657396,6.352690803901645
455520.0,-203.861353392397,24.552830974614146,6.561696104691718
455521.0,-204.8142027983826,25.400838789163537,4.22266225252908
455522.0,-203.684637324639,24.184968322323652,6.459703160865921
455523.0,-204.4473718067607,25.398397754951095,4.209674027155431
455524.0,-203.59880353931544,26.055262521800262,4.0126984925097755
455525.0,-201.80244418585943,27.655683641054846,3.9427487813459052
455526.0,-198.73847168774338,29.661822317666775,4.440835880784995
455527.0,-186.45866279824017,42.06688174929976,32.36013640031837
455528.0,-187.66288295828372,46.169023412496045,25.699072571538718
455529.0,-190.69841348138763,42.7342498775988,3.6380066336973247
455530.0,-188.20568979327763,48.43004990849058,1.4540397183103444
455531.0,-185.34260000047095,54.64055686394812,1.7700730728311633
455532.0,-182.28279959019724,60.16372977224749,1.616111242482127
455533.0,-180.14142097171555,67.0988964059646,2.2601024981910918
455534.0,-179.64201718743826,72.18665088013235,-1.5249392720132988
455535.0,-178.37811995752122,77.63663739918357,-2.44796816550377
455536.0,-176.10016758925573,83.24090320508016,-0.37197594539908607
455537.0,-175.81931731451425,88.27189237803992,-0.5310362025868116
455538.0,-174.16777010056177,92.51181102503006,1.4629486817115094
455539.0,-173.15134123118332,94.3326031822435,1.310949533193721
455540.0,-173.58922371851418,97.09852383129522,0.7848959088209355
455541.0,-174.63933832310843,96.91355934191229,-2.4761299173967686
455542.0,-175.46411608821435,96.0568832811352,-5.41813951712011
455543.0,-174.30009944885677,95.83166029036454,-3.854104207795963
455544.0,-173.62368206498752,96.87668780886594,-1.5351016369551544
455545.0,-174.1964418058195,95.9173692980273,-3.734102673133563
455546.0,-174.06043444626306,96.15833141115101,-3.353102608637684
455547.0,-175.06351727780225,97.52391104925503,-3.8231508936502863
455548.0,-174.4229123952804,96.46361920536211,-4.062117141435735
455549.0,-174.14297051598112,96.76682102540832,-3.1161141130687753
455550.0,-174.38018531768137,97.06304700456135,-2.527125114874373
455551.0,-173.39521362431373,96.18541001091974,1.0569150931413773
455552.0,-173.5964078903534,95.77688482980872,-0.8140841982502991
455553.0,-172.68907469308814,95.84301287443068,1.1539394238083958
455554.0,-172.39857844951732,95.39086639345862,0.17495409299590392
455555.0,-174.35486921244694,98.33037516206949,2.9408560638524364
455556.0,-174.43771885968908,98.32384500668476,3.0858539006466543
455557.0,-178.08759858932262,92.02546838923041,-16.66915244505435
455558.0,-173.82880857513987,95.96726033378856,-6.777093404039583
455559.0,-173.81480915668982,97.82762146436407,2.0748785692952723
455560.0,-174.2783491457713,96.91797019759406,3.8258798878163063
455561.0,-172.32602330887417,97.2676543525558,4.251927557937584
455562.0,-172.90741507313015,95.08325583351427,-6.954055063026281
455563.0,-173.37151118227655,100.07496998223769,-5.037144424171537
455564.0,-168.79783504891816,98.08303859861203,-4.564990693872588
455565.0,-171.9205558935814,103.44068119918025,-0.7841591487456014
455566.0,-172.18811822077052,106.79715355573357,-0.7782219718957251
455567.0,-172.01218197895372,110.81835955582403,-0.7642861891284412
455568.0,-177.0694062803339,117.83378358176279,-0.061550930295901196
455569.0,-175.666949740031,119.82493686197196,-8.911549464842416
455570.0,-180.13803979613039,129.70025099944502,-4.2338683042614065
455571.0,-181.43249454814844,134.87916892543717,-0.4320129588860482
455572.0,-185.18828332334587,140.155365293317,-0.8212352091840174
455573.0,-189.5702952487111,147.50050345497996,-2.3685303942134013
455574.0,-193.51363243662044,154.7945396320101,-1.250822524350454
455575.0,-200.85356210007407,162.83354964198986,4.825749444452541
455576.0,-211.26865845401656,165.63151906439947,5.376340697359524
455577.0,-225.29035127919707,164.08774251519296,-3.2820988320448876
455578.0,-219.98284215829142,183.83658189282067,12.05654486841675
455579.0,-224.92992065528628,182.49460636149635,-1.359588864285442
455580.0,-233.91413429330282,188.46058529699548,-0.262086278158435
455581.0,-242.47264666635297,197.12414532529783,3.744331003485456
455582.0,-252.55339071882918,197.3156823036948,-6.055065973085846
455583.0,-267.10157261045805,208.80383165271266,14.119974009340162
455584.0,-270.75990600922347,214.48878449335342,0.8636301719781159
455585.0,-276.5050669491295,222.30812558415775,-0.5238853499952398
455586.0,-292.408849122851,221.6939396684317,-13.53357282837689
455590.0,-340.6833513503393,252.80921851090022,55.72986908637692
455591.0,-338.5396067977234,263.98148842712897,31.86852811573921
455592.0,-357.0957350646289,242.700224656574,110.7863666304685
455593.0,-401.2685794627107,249.50273564683582,32.16547777990573
455594.0,-422.5297495425688,317.5040030912069,116.77306713570695
455595.0,-355.8203637501326,277.47784623778244,-2.6919880507471703
455596.0,-364.6651058483233,280.8022068411313,-2.2116336282394684
455597.0,-369.88393469936,284.7109695413889,-3.5931082030151202
455598.0,-374.4171575903992,289.00301607346904,0.9594333776511519
455599.0,-374.1189376536491,290.425986995085,-0.5676141123339136
455600.0,-377.30444341830395,294.89678496182535,-2.0580079000640694
455601.0,-379.25569229529424,296.5498256318406,1.623799393066804
455602.0,-382.08660398968595,298.63718081622835,0.3895326036614648
455603.0,-384.3029170564796,301.0630730207481,-0.054715136821656074
455604.0,-385.2945328461969,303.59677276945774,-3.175895677393413
455605.0,-389.3893269598331,305.3370986602618,2.12577226770361
455606.0,-437.61197234566123,287.3260330409228,123.01848908999403
455607.0,-394.07947624384553,309.27852065321133,3.0222934419736305
455608.0,-396.1143734740415,311.02939230828855,2.9710818598840234
455609.0,-397.8141236791769,312.57553811914767,3.5389001380709004
455610.0,-399.000980917092,313.3196678214311,2.8037893312088897
455611.0,-399.2623430146455,313.89316856699986,0.5717446286930397
455612.0,-399.25965045298534,314.5289260837277,-1.0302866936329451
455613.0,-403.5856193842635,312.2946348722982,3.3795515577067192
455614.0,-403.19192593988816,312.25469780600986,2.110578406238133
455615.0,-400.2817964612997,315.3368759424252,-0.9193908334397349
455616.0,-401.2224700977596,315.4698804313711,1.0715434858150559
455617.0,-402.8677092384998,315.4642927299046,5.872440121214765
455618.0,-402.02010197788024,315.7588917826795,2.772478912614986
455619.0,-403.9353182226385,315.1405019498631,7.482388726553452
455620.0,-404.3923914426233,315.3371413266146,8.965350012561345
455621.0,-403.36565524483655,316.00820658121273,5.331381595468983
455622.0,-409.43458778122033,314.96275908921865,15.459047103032105
455623.0,-409.2279281768486,315.2563789762491,14.593045772900197
455624.0,-403.95508459277903,313.8797305198986,1.807449954493137
455625.0,-403.5846690318155,315.15367701828507,0.9304102375546535
455626.0,-404.0042354127382,315.57757702818753,0.8853626166212649
455627.0,-403.7790542455027,316.2339882702146,0.5533441868219882
455628.0,-403.84649925019835,317.9086766567475,3.763256235502979
455629.0,-404.8016280881875,317.8790910874443,2.8791971968211243
455630.0,-406.1604353361208,318.74371822409245,0.21906746804066302
455631.0,-408.303179890232,321.4460177088824,0.05379438686601645
455632.0,-412.2606702446474,324.34722059698703,1.5903922929538368
455633.0,-413.1072958990905,330.0176140742239,1.45404512647103
455634.0,-417.7882991399607,334.141707327967,1.3885245136001885
455635.0,-426.35806923603457,336.57476103949256,1.1198290776983555
455636.0,-431.1559378658272,340.53343922277287,1.3372954682542115
455637.0,-443.92796762339583,341.8238037786308,10.671350375161765
455638.0,-440.7002131517867,347.4343962840023,2.288269315140269
455639.0,-442.1791024834614,353.4879211861255,5.596832640679935
455640.0,-449.7210556126094,353.17755196999667,0.07532283319406474
455641.0,-446.81894657987056,362.26827030399886,6.954014177146377
455642.0,-449.633825075049,364.4801237608378,2.4166897581878146
455643.0,-448.94478654164135,368.04124871883783,-6.514467341493344
455644.0,-450.32900063877446,371.5215201305781,0.42123231204001854
455645.0,-442.17357183895786,377.599472562643,-1.8735561893024055
455646.0,-425.6134932343926,389.5180861963619,33.535849435715306
455647.0,-427.67308628607975,374.16760521224484,35.257635586137184
455648.0,-432.1185766642855,388.9033180212498,0.4284498215669714
455649.0,-425.1857979137707,390.9130852257276,-1.0802079915928005
455650.0,-422.9147740227834,401.4405066462401,10.608285607701504
455651.0,-418.7014436967357,405.5239318613679,10.285303771651144
455652.0,-296.5091060673675,500.0260288200955,439.0134092457497
455653.0,-243.70830156830397,489.32792833234856,-823.6395265418614
455654.0,-345.8038233018035,460.12183561082895,205.85694673282597
455656.0,-412.3547163149322,429.2760307645675,9.089154445981762
455657.0,-410.101003904787,434.31871324902363,12.326956506450443
455658.0,-402.4802159714961,436.1689815010194,20.10231482463371
455659.0,-398.8197280775794,444.52342793847686,31.811964865068035
455660.0,-395.6850288840051,448.4927687633611,13.224880582551577
455661.0,-400.62534057221205,449.4748933309176,14.833502840036488
455662.0,-405.1438337702428,451.2377478299092,20.388092454621983
455663.0,-411.74072878844055,452.81527857131607,33.52055787785264
455664.0,-416.3614306592328,451.99501678425685,21.79931649528575
455665.0,-433.2790488515624,443.5437007262473,41.60278677433
455666.0,-423.2977913454334,452.94968873017456,4.046791976158147
455667.0,-435.9830349441352,447.47948103328247,23.710326154293284
455668.0,-432.7852648361684,457.2805834092632,5.986844915782228
455669.0,-436.6928159473763,461.6574835821551,1.5422617110137935
455670.0,-440.08815423791816,464.92001262655015,-1.8212097986705942
455671.0,-437.3545129447292,473.6017636505769,-2.8976639825436337
455672.0,-454.9019151884679,466.6842635831823,3.3396218577737784
455673.0,-453.743200510949,472.90228756932265,-23.61075620760093
455674.0,-457.414573309453,476.6841167969019,12.354698862102595
455676.0,-467.97370235696,477.74529534182784,0.9428533540062176
455677.0,-472.74151450993116,478.0677529692692,6.363477660112977
455678.0,-473.43549093114797,482.2428935994672,19.27311031325226
455679.0,-474.05506702418313,484.09371652355674,-21.58407686553042
455680.0,-463.5293183234252,498.4943715570479,5.311581444766375
455681.0,-483.95511631931646,485.7794901332643,-13.091948811455097
455682.0,-480.6360599152204,493.0383700252464,-2.8082578300986825
455683.0,-486.0177869140676,493.18779015686005,1.2463229570582826
455684.0,-490.548981217836,494.27311772906427,22.410891903991285
455685.0,-495.65205026913895,494.8060289992102,32.405456092709784
455686.0,-499.1373183375276,496.3491923402566,20.567063822235184
455689.0,-483.36934391681496,520.5029099933275,12.087342097889405
455690.0,-485.72618842809777,522.1714148930381,42.945026228215426
455691.0,-505.9350405766158,509.78658499231057,14.427462993143592
455692.0,-516.0155450409723,506.1010444651774,31.623950970590585
455693.0,-518.2800137865229,505.82294199702716,27.312789603297972
455694.0,-511.67645778184294,513.2184981511784,-1.2882715813330776
455695.0,-510.0398841508385,520.7898955360993,-16.297757632357786
455696.0,-518.9502319430319,518.9040876857234,0.34267858113247485
455697.0,-526.128412994184,518.1451465782905,5.92615284340701
455698.0,-575.0781188846105,493.6450084694646,-13.657117372654795
455699.0,-530.7946282990762,526.6403922504735,4.311066933048494
455700.0,-534.3238318933546,530.4164193941315,-1.3415422011589442
455701.0,-552.150626634675,521.5831401771078,-2.1263274924009465
455702.0,-528.9097272593432,542.4209511849592,19.378894044188172
455703.0,-537.8042483736227,539.1960817378292,17.7904254937701
455704.0,-539.1434349520281,538.8835181806736,-4.441661115185809
455705.0,-540.2090556358049,540.003255145314,9.332153656399242
455706.0,-539.8443105091864,540.3163621925571,1.0871578079790538
455707.0,-563.1512877129451,524.2673543761392,57.579490368262555
455708.0,-570.021962830947,529.4330671143871,64.0544514249394
455709.0,-559.6506950968572,525.4848511778368,42.58569750901245
455710.0,-562.0541139344054,528.7032654868535,42.96121889905882
455711.0,-559.2436934150296,529.6697295575556,38.478385175435164
455712.0,-559.6163651921156,529.2938613551676,39.24638387724448
455713.0,-559.0295655253819,529.5027289815473,37.09941786629642
455714.0,-557.2958205849162,530.2975966865674,32.679503098010315
455715.0,-557.3863754578346,530.1174118609998,32.41351024490382
455716.0,-557.1588936458974,529.9916445658013,31.516540609755822
455717.0,-557.1421389911663,529.6749700552183,31.853568521650857
455718.0,-557.5233156983084,529.6272754131267,33.40153922240577
455719.0,-557.9613919826105,529.3233537609034,35.091526308945305
455720.0,-557.916879401269,529.290795394936,35.083532916477225
455721.0,-559.1798352229342,528.5161852976215,38.305486966745605
455722.0,-560.5217148193022,527.9065727408863,41.52742001485791
455723.0,-558.0304969628696,529.9370502476318,33.7704690272638
455724.0,-545.7723437407442,536.2085130977507,-0.5699979629812617
455725.0,-543.1202304190394,540.2782584928466,-13.386117032763707
455726.0,-557.1734297708075,539.320680882173,16.548753083373185
455727.0,-560.0499766147461,542.1442630976226,8.36326056433154
455728.0,-558.8317912467079,547.1923790344647,-2.0040660828884143
455729.0,-563.5304535322362,548.5724610998243,-2.6925984772373113
455730.0,-569.6581489872543,550.9886031416313,2.715648114055085
455731.0,-570.6578857897016,555.0940585140844,-3.057799117202478
455732.0,-574.502454137883,557.142506782706,-1.1943236228574108
455733.0,-575.4321960853151,561.9049912444233,-0.11982738413749416
455734.0,-577.9347623311619,563.1744620181661,-2.286166119996011
455735.0,-577.1520422992965,567.971089474322,6.090477207290661
455736.0,-586.691610663569,559.6901908193698,-3.6446569088143974
455737.0,-595.8212661792908,556.1822954229652,0.645805689209908
455738.0,-596.9989455116786,557.7673447448232,5.130556509194264
455739.0,-584.9167901710225,562.9241930717758,15.886220068678625
455740.0,-584.8250643657827,564.5398223979878,7.324084853592694
455741.0,-582.7230354595209,561.356049147007,-2.292440432723083
455742.0,-584.2483268788955,558.8250616886315,-12.22135655214771
455743.0,-584.653087901421,560.137911099475,-1.280509304311181
455744.0,-577.6731363923814,567.1824401842584,22.001500736385765
455745.0,-576.1321133117611,568.3852398891461,25.090532438789268
455746.0,-576.2956470041921,568.5978753623407,25.2964986205765
455747.0,-574.9985942012917,568.0194238505059,27.37666745921632
455748.0,-577.0581405020419,568.8006797349869,24.29041152852662
455749.0,-584.6589254087378,561.7999946241569,-5.486656829338244
455750.0,-585.2109117300563,562.6108499781493,-5.0607792741125195
455751.0,-585.4558973955808,563.0502191957779,-4.194840715843355
455752.0,-585.2333346706242,564.3342016224957,-1.4139343540799416
455753.0,-586.1954186337431,564.1265372873443,-4.7320042204057415
455754.0,-585.8615469833705,565.1973176815178,-2.338068838901222
455755.0,-585.525220122329,565.4310546679607,-1.215058784761851
455756.0,-585.0703981553129,565.6694377772319,-0.09603830768389798
455757.0,-585.3299675284517,565.5902840995653,0.03494494525227765
455758.0,-585.1219952855398,565.8121465511865,0.8109442423951521
455759.0,-585.021060325155,565.6967949946784,1.231963786418504
455760.0,-584.9555573842132,565.7369087208526,1.5719662176011013
455761.0,-584.0170928923317,566.1609929692149,4.127014366925607
455762.0,-583.4326175043976,566.4337717834147,6.058043501933497
455763.0,-583.1493478949278,566.2204528076306,6.9220884434797085
455764.0,-582.3549827883953,566.6031882028271,8.907126834399179
455765.0,-582.1690499329841,566.4840775205212,9.43015444045551
455766.0,-575.6476669252945,568.5461685625105,25.635561745054247
455767.0,-574.6974762662591,567.2610347769164,26.646762429887303
455768.0,-574.0603332236046,566.9611720414869,28.23184659462052
455769.0,-574.3685895064798,567.03910720563,27.855811887573225
455770.0,-574.8340238759487,567.5407871279764,26.992725115099773
455771.0,-569.2151694226852,571.869596850878,41.13584021496496
455772.0,-567.5133056275353,572.6013176829571,45.31692583430049
455773.0,-565.1783932787079,573.55872620127,51.06604662869708
455774.0,-564.1094483461088,573.8263197812596,53.35011703527451
455775.0,-563.0903524200155,574.6382889701473,55.61513357423402
455776.0,-563.8969997604576,574.0367363276304,53.649116782240384
455777.0,-565.1777211401957,573.5844734478702,50.468044356898105
455778.0,-567.6533294242141,572.5240261920036,44.05192034426054
455779.0,-579.1315000281369,566.371329510209,15.436440951102497
455780.0,-580.1804716261335,568.1914230957207,13.174182911405694
455781.0,-578.0637083320217,565.9946584688664,16.424571392359837
455782.0,-579.3032543386196,568.2192315121935,14.932260131177998
455783.0,-577.7868493283748,563.0995104197191,14.171854059367092
455784.0,-577.4453974282201,562.6746119616857,14.207922663375115
455785.0,-577.165173431533,562.5417561181207,14.615959800399082
455786.0,-577.3979314021153,562.9115145367547,14.690905947603312
455787.0,-577.1744399873364,563.3309845225028,14.862888938196448
455788.0,-577.2507362037903,562.7675039047815,12.877932024471647
455789.0,-577.2593647916781,563.030583518002,13.829907913105018
455790.0,-577.6949462835698,565.2016678282033,15.118675469332146
455791.0,-577.7667242486291,564.9346398989682,14.565692746245873
455792.0,-577.1726838408358,562.8063096751498,13.458935650001308
455793.0,-576.8886693824045,562.971030181089,14.231946722924079
455794.0,-585.0734439179231,559.4277212585773,-2.027485177913576
455795.0,-577.9489445905114,561.5807699457561,11.439973968313836
455796.0,-578.9450664349438,562.1336685080415,11.027834705681784
455797.0,-581.992175933885,562.3466967747712,8.211538624246117
455798.0,-583.3961606490772,564.9071050755085,10.146182982287542
455799.0,-595.7733689455172,565.6124547913194,-4.14602355507634
455800.0,-585.6291130724242,579.4325646594605,31.799668695141463
455801.0,-599.0306367656005,575.4947258494262,16.496782995214602
455802.0,-605.1839595301764,573.8663738571566,16.33534988094786
455803.0,-610.7162896318941,573.7995984091999,4.121828740110374
455804.0,-612.5734440475002,578.9396945269427,-2.5088162730347676
455805.0,-614.6598283240428,581.397701674201,-3.016241669249041
455806.0,-619.8473664037501,586.1018752732969,-5.727176302095216
455807.0,-620.4660114084022,593.3853538855471,1.5220866274185312
455811.0,-604.0632560591298,616.0734004059847,6.967498004845339
455812.0,-601.9287909563719,619.369902733973,2.6053787091759375
455813.0,-595.3457526926406,627.6078212882968,13.486186834224412
455814.0,-592.543474686204,632.6302446671326,7.306948802419413
455815.0,-590.0822872571649,637.7849284375,5.929660780288117
455816.0,-587.7310145161002,641.6185796840347,5.924491242072008
455817.0,-586.0490574926129,642.4638258552525,4.456560386080781
455818.0,-581.1653390476645,645.6272033378598,1.0556858888905083
455819.0,-576.1511600476448,655.3801973421828,1.260140623942391
455820.0,-578.0988831253825,653.6367214947826,-10.89285578808213
455821.0,-573.717214125074,657.809194013365,2.476108556060808
455822.0,-521.0882457333522,668.9280138056351,82.77646142074002
455823.0,-560.7221620663794,658.6372363697468,9.951177834737393
455826.0,-564.2769945665837,663.94332599892,9.96031143469429
455827.0,-569.4601497090396,666.6695961312287,9.061565106643712
455828.0,-569.9821949483719,667.814295878834,-0.245601973933816
455829.0,-569.3759452460995,667.729588561514,0.008461066300810671
455830.0,-565.0852929452079,666.8443939226546,3.7619355990797203
455831.0,-561.6489326549738,668.191660352282,10.869097298070557
455832.0,-561.7637483239353,667.9489484759875,9.953112742697584
455833.0,-565.5896436139838,653.0350614299086,7.165327335536887
455834.0,-560.4114467118154,664.3048509368891,5.781614204397243
455835.0,-560.9716371051882,664.7817922499373,5.661515025845802
455836.0,-560.1262497320035,687.2467029298292,43.50519603686476
455837.0,-570.532884866587,710.8199875219376,67.56167711264652
455838.0,-561.9397897644344,667.3084759622699,7.944164617996762
455839.0,-562.1783386882499,667.5715093130077,8.230115939063893
455840.0,-561.5999309068351,663.3540145776822,4.706609191707997
455841.0,-561.5768387547351,661.7204736766639,2.73378178882038
455842.0,-561.7317684352065,664.9234663113914,4.768433302686361
455843.0,-561.7011096346768,663.7528838472667,3.646558561498722
455844.0,-564.8163720220626,658.10559886837,9.58487192552073
455845.0,-563.4568899080349,655.8218486181989,4.02522853353625
455846.0,-563.9200419729116,653.1500558702234,2.8804632220883093
455847.0,-564.0569107409041,653.542117288705,3.427410757763653
455848.0,-561.3612049488723,653.7353955219501,-3.7723715069629122
455849.0,-562.5355712854088,655.4454493028234,2.081348697933521
455850.0,-563.1009464099338,650.7641999338069,0.21878069482150408
455851.0,-569.7461091155631,645.973346955019,17.048680583602476
455852.0,-569.971864302995,644.326443715266,17.504827892783197
455853.0,-587.3058542440912,639.6688658858643,64.19272780050062
455854.0,-569.5755895722575,643.905632181026,17.455905996171083
455855.0,-595.6401900097069,636.0632781417773,-5.621682864044345
455856.0,-544.6416423946396,662.6555351635184,89.26715288841876
455857.0,-565.5358052611359,647.5281362312811,33.379896769632666
455858.0,-569.6938436959774,641.0415289227091,12.438185421031108
455859.0,-570.5120092506965,638.5035725462939,11.855368238759496
455860.0,-571.2032619085016,637.3327263421338,13.322424135489399
455861.0,-566.9929877037869,644.9830854649797,34.76502670844698
455862.0,-562.9377941243155,644.2992284142277,34.454455214772736
455863.0,-539.6780118551102,655.0021572190059,76.2193692042778
455864.0,-535.2130903651491,659.9281298632952,100.0832350124497
455865.0,-534.1485884409034,655.8536962625134,63.954746367853915
455866.0,-549.0828384466598,649.8425475779911,28.80509702700718
455867.0,-559.0486973102977,656.9934135043924,29.02749527311869
455868.0,-559.7225222185352,658.4709814677518,29.097283030486864
455869.0,-564.8927082979823,648.2234265462017,4.197882465181607
455870.0,-563.4251894492062,646.7484926748767,3.037162718962236
455871.0,-565.7764531479753,684.2587403227243,38.580020480930585
455872.0,-550.2562023385511,618.8569628071145,-60.83090680387855
455873.0,-558.3532674202178,662.8462870608205,-0.6270528843654688
455874.0,-557.9724535548826,664.1121379680848,-1.1191519542077515
455875.0,-558.8122596842403,668.1091344046501,1.0513549396729616
455876.0,-558.541589884451,666.9369630518183,0.6965019593875752
455877.0,-558.5140355701205,665.964411223076,0.981606532398132
455878.0,-558.6514812038126,664.0044467057812,1.273799928849769
455879.0,-558.5293445984463,663.3762981651518,1.775876334258811
455880.0,-558.6097385023776,661.4804745662962,1.2750672307632271
455881.0,-559.6281423736865,666.9030635347272,4.398410360560803
455882.0,-554.1468002021559,647.1752914131561,5.49393170396209
455883.0,-554.1515139224311,647.334624978982,6.445915048285059
455884.0,-557.3451562333089,657.376852350953,7.891604377959425
455885.0,-557.1486496505958,658.5353846722377,8.220501399087595
455886.0,-562.4655838225946,663.1098590983948,11.959558541360707
455887.0,-572.4047472537467,675.298405157261,-7.219611056621659
455888.0,-557.6657367903299,675.0643173388953,7.222719081279365
455889.0,-559.2194699136021,676.8931658133192,9.403388277056507
455890.0,-537.634207956074,682.5823127863196,45.72163422533089
455891.0,-552.1882738491546,686.3950114697044,32.572979961251576
455892.0,-550.5253773856438,691.3712086748624,27.912583295226796
455893.0,-543.4622052480244,691.1159823808573,37.47221664033063
455894.0,-547.4914568061256,696.2814159409816,20.803307286747412
455895.0,-546.7897757225459,698.519918571099,23.024121416060723
455896.0,-532.6462795743337,700.4504969863983,42.7601050040291
455897.0,-535.8601955423026,707.9122718856571,37.74900770954781
455898.0,-531.3250562035349,703.8336268974276,34.71384067321446
455899.0,-533.2459617492704,709.9161843897856,33.060002752151206
455900.0,-530.0726554561643,710.0704249647173,33.91024988619549
455901.0,-530.3023769866528,703.3385595602238,24.302980542099476
455902.0,-542.9038972310138,693.1891739284431,49.8950381144613
455903.0,-525.4854642078362,696.2576415839679,7.845159879660827
455904.0,-534.4792153633323,692.0604464253389,40.36587243595281
455905.0,-511.5484785507525,694.1509117782772,-13.250476999185963
455906.0,-524.6375198467903,678.1831552008729,32.46418761964327
455907.0,-517.330437565865,679.6275265585937,34.22462965301227
455908.0,-512.741885759763,677.8034162460817,21.39819501736733
455909.0,-488.8836710973811,677.6504784503431,-5.744916438124562
455910.0,-529.2666954521707,635.770971122186,60.64219729553574
455911.0,-485.4618262861843,661.2982789678761,28.722070551583784
455912.0,-487.77177646139273,654.6493848222194,6.211583741521508
455913.0,-476.57511228368037,657.5086098405286,1.580134073646633
455914.0,-469.63821262122815,654.3461816298927,0.7699753145093666
455915.0,-472.7832581467906,643.7197983791723,23.02383029317599
455916.0,-448.3070285127345,653.3189008327838,26.267615635770824
455917.0,-479.1739163457505,630.4043741081185,12.119690522264108
455918.0,-454.8535472109764,635.6111249274335,27.219951056847407
455919.0,-447.94946314957565,630.718605487616,16.68792761410262
455920.0,-438.8297810264126,627.2649043252312,20.482903700545023
455921.0,-435.13283132735137,615.988333020093,16.952261680888512
455922.0,-428.78119984385745,613.1318666163871,16.97096831974642
455923.0,-421.4753816295583,610.4756041072935,19.48671120285121
455924.0,-432.6790354461889,596.0301181339911,58.40133512493989
455925.0,-411.73014732309974,606.3803394032738,7.5707400680198305
455926.0,-414.1312476301539,601.1534168503099,10.095082113518345
455927.0,-411.92401994714004,600.3583680152842,2.794300210382687
455928.0,-421.4422629741231,592.7568742289104,56.80739377595137
455929.0,-414.33905588666545,600.6619160267707,44.48711540146945
455930.0,-413.18005046853546,598.3169455671039,43.1994121133601
455931.0,-412.14760245934053,599.9580835165351,43.93732390814557
455932.0,-416.529499013844,599.9129089824883,41.58904364572996
455933.0,-416.1078726369173,601.6177784415356,39.275909705029136
455934.0,-414.17271852115823,600.1530728630378,32.67017427408703
455935.0,-417.54308184651666,600.1399257091929,32.03795587077033
455936.0,-417.36464219549754,597.9178206988121,25.189177298280384
455937.0,-426.8912599909207,601.5100020954957,47.54620770551466
455938.0,-426.9277101116904,601.363568892532,47.10121914745886
455939.0,-425.4562632470568,601.5565553031246,44.92529911233717
455940.0,-423.24753032321036,601.845213369464,45.2584186193111
455941.0,-421.2483960509608,601.0046167808861,42.26663056453313
455942.0,-418.7341434065015,599.8364379055221,40.2879065799286
455943.0,-416.0581422778794,599.271008069719,42.04913505994173
455944.0,-414.83557133183393,603.2934686039174,48.27183348814572
455945.0,-411.71701023009274,604.0523876692663,47.34296324377598
455946.0,-412.914365318079,604.6500126636106,56.16682901055367
455947.0,-412.62135235606695,605.3440977137043,58.521781794277246
455948.0,-412.3950587768059,605.6890593079787,59.960763510792134
455949.0,-411.77186941763546,600.4052851096598,65.66430600316781
455950.0,-412.05655879835535,601.9949510191138,66.18113699930117
455951.0,-411.8419514495269,603.5698825151383,65.60100122165551
455952.0,-412.9441143632667,600.9724035205815,66.94317656806271
455953.0,-414.3728199860219,599.7003922766414,68.97620432649705
455954.0,-402.81807509049116,608.4128903939426,36.751114478050454
455955.0,-401.81864115243235,608.7194766906671,34.30414806682717
455956.0,-403.08715473301174,607.6027047961232,33.867175109185524
455957.0,-403.2906607027562,605.3512742100266,33.00837745665547
455958.0,-406.1018971649458,604.3800429928729,39.48429180296603
455959.0,-408.96388853713916,602.4170387519378,47.99729576887455
455960.0,-414.270303230165,599.6322029271868,56.3682173441772
455961.0,-419.14286887346276,598.4270670574324,69.04901302462801
455962.0,-420.0787855115994,595.5609700797827,69.56522116714203
455963.0,-407.9064787430648,603.7339278440346,36.916238203392226
455964.0,-409.2854782015088,602.8201577742001,40.198236811750036
455965.0,-411.9569424881001,601.2104467005038,42.27321765954173
455966.0,-415.04371143390244,598.7938997809852,41.6882461642594
455967.0,-416.3723825892875,597.3188247515587,43.96229866520292
455968.0,-417.54159675688635,596.9153628715746,44.23726024042813
455969.0,-417.6034188631062,596.5797111581971,44.078287764997924
455970.0,-419.9200773401317,594.8784495988418,45.38529548478991
455971.0,-423.64831926034907,591.435914402821,46.69437090540458
455972.0,-425.94725052104855,589.4815878146034,52.407399781571826
455973.0,-423.55234164709134,591.7608646345825,46.10334697339235
455974.0,-416.2414785045778,594.1697314382451,30.933602810703462
455975.0,-419.27522158849723,596.7504694860398,33.053162006568954
455976.0,-421.3630145512971,595.0410283237314,35.730185058889106
455977.0,-421.96319750262535,586.7543983594643,32.036917135304265
455978.0,-425.8425049820037,590.0697691686029,31.714351960544576
455979.0,-425.8365420202474,589.7106930343585,33.31038575416284
455980.0,-426.44620523057125,589.3001599448597,37.48638321253887
455981.0,-426.1688256478614,588.8546370813068,41.957443137982295
455982.0,-426.91641703283733,588.3333724976976,48.533441567936336
455983.0,-425.8453633453336,589.2359126500822,54.13142941454373
455984.0,-426.3452567175609,588.6586309638942,56.175449634537955
455985.0,-430.1361440134097,591.3867896222074,68.99194161159693
455986.0,-428.9669248436483,591.1603330477593,66.93804140720002
455987.0,-423.8648857154168,589.9055163219307,58.1444990754928
455988.0,-432.12913988556346,583.6814085919453,40.02252030907067
455989.0,-434.690989465795,579.9632805270522,26.195687182835883
455990.0,-440.8029485333343,575.0850982411615,19.65371190626942
455991.0,-434.197559609152,579.2594696030579,21.714785044552002
455992.0,-432.8630221857541,579.9383737893387,14.732813645168335
455993.0,-414.3236174875344,598.4333414164796,40.66832697026871
455994.0,-431.50878637621355,576.9866538919696,28.806174574171905
455995.0,-420.98069522643493,582.3760948471258,37.67038546235523
455996.0,-427.0961887738477,580.7847096530754,18.79112483553203
455997.0,-421.70386470952803,578.3721737593487,25.729703891294122
455998.0,-415.63751226870687,581.833587683597,28.195785435646258
455999.0,-411.05460761532294,589.3646800641575,49.87838732625431
456000.0,-425.5342199627527,580.2041316219935,27.783282362805096
456001.0,-434.93105850370364,578.0843622947352,25.25184229202739
456002.0,-425.5583061571484,580.2232865057789,28.962279012218858
456003.0,-432.3545632267084,579.5324717561792,22.72388525565833
456004.0,-425.2354663252829,580.6349986225354,24.214262839131123
456005.0,-424.8410230159114,580.6776572675533,20.9832851880264
456006.0,-425.3579215425727,579.474064769218,18.229360777020275
456007.0,-425.81520492062117,579.791782964582,18.313301253805463
456008.0,-425.79140880615546,579.7580149744203,18.387305928828567
456009.0,-425.5742875337017,580.9348677043556,21.684212785895795
456010.0,-449.27355094911405,571.3279453221961,-12.913539621630491
456011.0,-445.53358374014107,568.2549201523552,-18.34200145698685
456012.0,-443.0289670141915,572.4868353151523,-4.166207428568754
456013.0,-435.06332790033355,577.1192395967537,12.286921056078711
456014.0,-431.88293848292847,579.6895506331558,27.12590287288799
456015.0,-425.8401132978303,581.0911502401714,29.249180788948735
456016.0,-391.2748630732364,589.5541473992516,27.95061306248249
456017.0,-372.8736104989403,594.1113721661922,37.93128978758193
456018.0,-373.27522147397883,588.3139345789942,13.811806385333142
456019.0,-366.90851850095703,584.6373940411723,33.06451559503395
456020.0,-357.0385964248448,584.7659351675428,36.51706363542311
456021.0,-359.2892959681422,579.4910607797151,34.637421274615065
456022.0,-343.6208142404767,578.1842605196571,37.13140347159424
456023.0,-348.5676065239418,567.9448057118731,2.4670598396361925
456024.0,-344.75458497355226,561.3216868191291,17.432856481268175
456025.0,-343.47863970021183,553.7262339158287,12.148592698910335
456026.0,-334.7952913970101,550.8816901565178,8.042301782100878
456027.0,-334.8190410521968,543.1304173341475,9.756968825275436
456028.0,-318.37951247169883,544.8741208812048,6.930660700343452
456029.0,-312.6092439894998,539.1822087800356,9.077432264600276
456030.0,-302.7662399369604,537.7517939992472,-2.3519717828207263
456031.0,-298.06377800900515,530.8086445263427,17.353834373530162
456032.0,-279.7145343987271,536.3469106005091,0.17919923224764034
456033.0,-282.27350831855745,527.1314671362129,12.792858947771208
456034.0,-294.8072956518297,511.80069520080826,22.237547452905346
456035.0,-285.028451799149,512.9274260572262,13.5849007073478
456036.0,-278.3089800137241,511.76195408266864,4.239291381589652
456037.0,-271.5737285500923,512.4483483449271,-9.973473884436544
456038.0,-262.11934802207816,511.2358525761922,0.8350193358462263
456039.0,-262.308842943541,509.3794448518395,-12.30983919099532
456040.0,-254.26632793999264,511.18946661641644,-7.021659214929855
456041.0,-250.750395992084,510.7354368163483,-13.428483546487115
456042.0,-248.5784278561673,511.3919560618134,-18.786451474497994
456043.0,-235.24924500284266,519.8968173049602,4.494362718916989
456044.0,-253.31246095098203,507.94813253773395,-40.4003610818894
456045.0,-251.73687144798524,509.2981451314802,-37.98240694758303
456046.0,-247.12837673954053,509.97077393625744,-27.02228079354103
456047.0,-246.49529899660143,510.9559717890757,-24.174335562098463
456048.0,-246.98932579507306,510.98335217996737,-25.28535687178868
456049.0,-248.7478971338838,510.14379973052513,-27.982357632995075
456050.0,-246.88889981275656,511.6278093856433,-24.073404918986228
456051.0,-240.22878127523506,517.2830668885125,-5.616609198498168
456052.0,-240.32564623974343,517.2020263433135,-5.4266062393751895
456053.0,-240.41025693595424,517.0035084514312,-5.089593246238081
456054.0,-239.62510076680832,517.4901929019597,-2.1396033772649616
456055.0,-242.612829594342,515.7658529343863,-7.961575884765182
456056.0,-240.57897692955157,516.9085957479392,-3.9265918646264595
456057.0,-240.3072192301522,516.9602123330973,-2.339585824290623
456058.0,-243.95063302444495,513.0557855554989,-13.158407181825538
456059.0,-245.21981637547432,514.7781161705991,-11.033595329814972
456060.0,-239.0187884541943,519.9001207776221,6.26922237476677
456061.0,-245.7340155958759,510.56174873915324,-14.516274424566063
456062.0,-247.46195927750728,505.5635195282636,-27.62794100452888
456063.0,-246.9238902992263,507.3294232274661,-21.61306109664642
456064.0,-245.57712706094878,507.4723323795239,-6.724020494184316
456065.0,-251.77829221525937,501.5842515274071,-15.049793964387362
456066.0,-246.75958338151872,502.58638352318405,6.7803228618456615
456067.0,-245.60018614950192,501.0055273476859,19.5094926701712
456068.0,-248.1330727296945,499.51940226165783,18.17951185470045
456069.0,-244.10995740069083,503.33410268914037,45.49336564777289
456070.0,-245.4477614202092,502.95590955295717,49.010344336541124
456071.0,-247.8879508308477,502.0150861318709,53.91132454160038
456072.0,-261.32696655238266,491.5255417661354,-5.009390587763903
456073.0,-256.93482714625617,494.2716427676802,-1.2254255545543629
456074.0,-255.29011770209237,495.08308456664815,1.7045772033361857
456075.0,-272.8916671756245,486.6855543270451,19.686498538637096
456076.0,-272.15842087942997,490.59088929211646,30.54822912102918
456077.0,-274.810230261062,489.4199163855255,32.01820591398567
456078.0,-246.25815590477958,498.07473903169654,-1.4153020146247002
456079.0,-246.64292777399436,496.0147353980101,-1.6411554924891334
456080.0,-248.0502280429215,492.3530031297568,-8.641924854655343
456081.0,-240.6401670764099,495.38804457469604,3.2431226813736487
456082.0,-236.63437260776786,497.67186346899,3.0090937521636647
456083.0,-264.6182130196596,482.09317452876337,20.275197600551678
456084.0,-261.73548732382284,481.90101626653455,20.477331088182808
456085.0,-221.28756916891612,498.99483581288234,-0.8084595239925818
456086.0,-226.67669849107838,494.1420069778202,2.4097311400808508
456087.0,-229.927558425557,490.87733208850176,6.069868272477009
456088.0,-226.1041981933893,491.17740369516423,3.687981657500444
456089.0,-228.13964035487183,485.9178265829472,33.388314314961775
456090.0,-227.08985786151544,487.3518404152361,19.113241719833212
456091.0,-235.93190930185696,486.71292691261266,30.72897001737033
456092.0,-218.54919902944857,486.4003749941479,2.953612897644433
456093.0,-226.61107426727247,477.72276256546866,45.32999116458606
456094.0,-234.60915537846492,471.27273481378984,40.29818448737839
456095.0,-211.2224551719872,488.2033359492317,2.598721147031881
456096.0,-216.59316939830217,483.270832530941,6.683918753121816
456097.0,-209.8162624036998,487.73341690766006,1.9008036773325898
456098.0,-210.72429637395456,485.3485879085145,2.511956640604268
456099.0,-218.7834181833163,481.97323834249005,13.478942764026783
456100.0,-210.49374035281534,488.89685159720074,24.09669189843345
456101.0,-205.25249184796607,493.1165960558179,24.63353607585296
456102.0,-211.30641690494087,489.9446374770611,-0.25841587173445646
456103.0,-210.66889078501802,492.0393636706462,-6.33355691822419
456104.0,-204.91093212238667,499.1243688181597,11.563077226871599
456105.0,-212.33899745516752,490.5912758589626,-24.00850019961939
456106.0,-201.36840844072253,498.2996430100964,16.709254843575877
456107.0,-201.82420155750648,498.10797422647374,18.210255500481168
456108.0,-202.06830530586956,498.2771939842815,18.38723448879864
456109.0,-202.14572974284383,497.1804355774324,19.25831807846842
456110.0,-201.5408431064348,496.3313958007814,17.478403680671107
456111.0,-201.24100057318654,495.8358433712626,17.3424518904761
456112.0,-201.87992383466712,494.19745195308514,19.166559543990957
456113.0,-201.93044014521666,493.2841494735608,19.644629021141327
456114.0,-202.56669411745267,494.14466913857893,19.53554189350791
456115.0,-202.8500869994479,492.07663838173397,23.010693632740924
456116.0,-204.12840824957237,491.65258682159754,26.463685755023903
456117.0,-204.21322048823978,493.5311804333716,27.567537193043137
456118.0,-205.79730484594123,494.0869407187864,32.75344306538156
456119.0,-205.5042740583923,492.95090410396375,32.72254087628292
456120.0,-205.4929341511347,493.3558613688058,32.716509764867396
456121.0,-205.89838208401815,493.75895030001277,35.66746534947441
456122.0,-206.23134199376415,493.92615222029934,36.930441586344784
456123.0,-205.52494760710516,494.47150326040514,35.38342189459871
456124.0,-205.09494553218408,495.04751748141007,35.078390809629525
456125.0,-205.1952232503527,494.26763569438873,35.38344838970448
456126.0,-205.4772439398664,493.6442944328311,35.159487843411995
456127.0,-205.40719550025287,493.4941768525383,35.674501779124085
456128.0,-205.50460124172469,492.0651768593959,36.11960963297983
456129.0,-205.25524913600177,492.7925143448877,36.54356120793781
456130.0,-205.04010980767146,492.7546573577692,36.76557106534867
456131.0,-205.44144606727238,491.94061482781296,36.322621326541054
456132.0,-205.1257181665949,491.49053496660855,35.697666363065736
456133.0,-205.62239990468103,491.6687926389382,36.70963656944792
456134.0,-205.54946863802374,491.30096827137083,37.206667415017336
456135.0,-215.71519398856864,489.1558777468509,21.957497553350095
456136.0,-209.147497695594,488.9874556064402,23.19272917809434
456137.0,-211.72828176597184,489.6513674924313,22.03859286449955
456138.0,-207.37618434165375,491.52591857729084,31.7875908691108
456139.0,-216.32086240628993,485.16625714172176,2.1467833167501453
456140.0,-217.77210376360873,486.57382949035554,0.7856261583428363
456141.0,-216.73603615606658,482.3862426285041,-1.1820188070458926
456142.0,-226.4171996262024,477.34062468793485,11.63902669305378
456143.0,-207.45078548185802,480.3653890141095,30.392443239802788
456144.0,-205.01926701240893,477.0551486247089,3.774771497612477
456145.0,-210.03101557390863,472.2455521655504,24.313968390453823
456146.0,-199.6527560239903,470.7813625943023,10.512410308098481
456147.0,-193.39621638916827,470.38608779982684,-2.713367731652511
456148.0,-187.1947990273466,464.89670425127,2.0492218232623713
456149.0,-188.87954819578994,456.8993581375971,11.091753163533895
456150.0,-182.66263709630985,447.4283980815867,-4.266390924157918
456151.0,-178.72455966893472,446.03682313651734,9.32081860890625
456152.0,-169.325790319852,444.63059811239407,4.407173617860252
456153.0,-153.53978769532276,443.2840223953758,10.873667215945716
456154.0,-152.7920403030413,437.4720127824895,4.659088556907733
456155.0,-144.45665533169097,434.32313631657587,-1.089500980020631
456156.0,-137.84968385204314,424.86495846892495,-3.8097144254468276
456157.0,-134.39681579909808,423.3600640173967,4.721459848059112
456158.0,-103.19132907837391,383.3449576940237,-38.6174153907094
456159.0,-110.37772153351155,414.4077953983109,-18.56248848972504
456160.0,-98.81840787552238,420.50845792428237,-19.22370042397452
456161.0,-124.04018874611026,393.0069881723649,-29.238377726765123
456162.0,-83.04294326000857,410.8604790365218,-18.581843510216373
456163.0,-105.58907594455182,394.3857723285174,-1.5231312402832202
456164.0,-85.45032910209783,403.03536799867436,14.714626685884696
456165.0,-80.14198970686641,405.8595536467277,13.559515527559228
456166.0,-71.23680729479288,409.06936954582955,-8.862585034563722
456167.0,-68.3291331794467,408.12447577314595,-18.962492407471757
456168.0,-71.0667938621238,403.9225378904266,-10.809253388091605
456169.0,-71.37975680161378,396.53998771486755,-10.993791174206422
456170.0,-80.6634527133375,388.5438236847275,-3.443407034714596
456171.0,-83.86341605377987,382.5484916887956,-1.1030839616061314
456172.0,-83.20048142689066,378.9651444086052,-0.7478602366748817
456173.0,-62.960921227899775,389.249563566951,-12.454251093215959
456174.0,-64.91562328658254,386.21783504544766,-9.7320853970254
456175.0,-64.37799115921942,385.2349948588358,-7.263020192221575
456176.0,-42.111794093644136,391.24303384619697,-25.138202080931052
456177.0,-50.518455963066266,385.81821004780625,-3.1459308489832267
456178.0,-36.42272263872571,389.2723717235929,-18.342045844323337
456179.0,-73.88385915364981,360.6186174082738,12.801323773871232
456180.0,-65.120964118601,360.47425711756904,8.306427414089029
456181.0,-24.844513039609232,382.8980795741833,-12.374602357450016
456182.0,-38.00938820478782,364.9888634815352,16.848388402198054
456183.0,-34.95271189200173,361.5092937530037,17.796605094925468
456184.0,-63.11064641507262,334.2960023473688,17.967880955540124
456185.0,-44.165604088651946,350.63229242228243,21.872158423216717
456186.0,-27.746575752046297,348.6940525877949,9.585357738554208
456187.0,-12.381229554936887,344.8197927359616,16.2596178037289
456188.0,-8.53360516024577,343.82198370655374,20.786678266704882
456189.0,-8.242283968786872,335.51563949569754,-2.5928766912002175
456190.0,2.1773422165482117,333.8476506121542,-0.39678375060289284
456191.0,9.509776669820013,330.16647087717456,-7.527597842846831
456192.0,15.314741653112613,326.12946573838906,-11.259400341119814
456193.0,19.009576785525606,319.8363974137408,-5.609089911978202
456194.0,23.38283107647759,315.2990531005057,-1.3958773250688665
456195.0,28.825928446964067,310.545072666261,-4.719665124376789
456196.0,22.52955658821077,300.1971071980048,22.215858298789286
456197.0,32.696486341351196,307.7294711505224,5.080453417849
456198.0,40.56760131651746,305.8818624106899,-2.2725024307902544
456199.0,44.086216099209345,308.9578642542846,-2.002674813477526
456200.0,49.38372563403817,308.43188292934485,-2.1876880204984133
456201.0,51.97239506726311,311.7209130357588,-2.3998693223448697
456202.0,56.36983375043385,308.66253799929945,-5.0467571297046305
456203.0,58.46134684197012,322.7537896435451,0.895522877311592
456204.0,66.36684929052473,329.2241787661511,7.96211311262077
456205.0,61.54164361189039,332.4743291034103,-4.706008028721044
456206.0,67.04316526496692,338.27010764355975,-2.0283698159600476
456207.0,68.55981135539115,342.2341884687308,-10.143598530687356
456208.0,78.14131788313476,350.33068627715073,12.072849466822504
456210.0,92.79560317337574,362.1888383354372,16.912987347733875
456212.0,141.33668374321175,387.7407785991801,136.25058698709708
456213.0,134.25803837198478,390.0526582275584,114.30359808985844
456214.0,132.58662598267443,395.25328272143554,112.7533111860634
456215.0,135.14500771339792,391.80298733223714,94.93047148076084
456216.0,144.08730435031234,393.10865907520207,84.42019504825072
456217.0,146.83213163325925,393.41896344901494,80.79611323711244
456218.0,147.57736972818924,393.04352299104744,69.21411929002602
456219.0,139.54656403558113,396.7237594530718,80.03507093287163
456221.0,72.54397503595447,365.74849963330917,-62.18395463200133
456222.0,75.64788383171856,367.30212812476816,-56.01108041498395
456223.0,102.50246895051151,381.04228888177045,2.6757345038980134
456224.0,103.93476913216412,381.9017861228001,5.8046596631357374
456225.0,104.15611060864512,382.26283392963177,6.664634313706358
456226.0,64.04325605229724,349.8330381409075,105.50203413915358
456227.0,106.1220545072297,383.91742256164883,9.994502024294775
456228.0,105.33385464314853,387.28880291133805,14.789310193517693
456229.0,101.4582836058024,385.1786431335971,31.631501479374833
456230.0,108.2004228174103,394.53158340318464,17.356815988543886
456231.0,106.65718483265749,396.1369095957433,17.60774194197495
456232.0,104.65633221051624,398.64745932994083,17.380617824069702
456233.0,101.48460726197135,402.37341913380214,22.288433859175967
456234.0,97.13832358248426,407.4153916608665,20.925179736024248
456235.0,86.37447980943138,403.16035542903927,-1.5533937311625152
456236.0,80.40799796198777,404.39621889346523,26.070605647376894
456237.0,73.37830456279409,408.4782130144984,2.136428810739943
456238.0,90.50476509778062,418.5282596396928,51.2675540001906
456239.0,68.45987385254416,415.58769180167974,20.994021808809762
456240.0,52.16913891967805,416.74006128294894,7.747100169577351
456241.0,47.23151809548308,422.0333334376763,2.074788722335967
456242.0,49.16472568736519,434.7125932211535,4.392918054726408
456243.0,19.12836329808676,422.07658751519085,-4.330068042360637
456244.0,40.18300833270989,440.7756252267003,-3.404437402933951
456245.0,42.82897900848616,452.1345440609762,4.400746107425164
456246.0,54.67981039028501,467.76913104141033,41.21752223982966
456247.0,40.64914854175371,464.7790107431797,4.842846688464391
456248.0,37.6940617596074,469.7440213704839,3.5494991667203806
456249.0,26.932102904032227,472.6615883304983,1.4873369741125941
456250.0,46.426707758337294,491.0023914064739,34.80583215605367
456251.0,27.585101902574706,488.8619170921978,17.14410665676695
456252.0,23.107458506022873,493.9799565219308,1.479727977884778
456253.0,-0.08459532055267971,483.1001590765508,10.07760759377652
456254.0,0.5256035620126482,491.3968578688717,10.329970410820579
456255.0,9.244878258119336,503.52771905742577,4.661012573525994
456256.0,12.2352706301794,507.46826444635644,1.2056935716532564
456257.0,5.626659282703429,504.3466831158403,5.718951745744931
456258.0,22.413736625715714,515.7355700709757,-7.324000728064902
456259.0,25.359814003787896,519.4068868164647,-8.344311253210435
456260.0,26.266038434418654,521.2032387497502,-8.114462232629393
456261.0,26.326624361771756,521.0817413286602,-8.382452503198493
456262.0,26.5811293983039,521.4235733135237,-8.445481641952739
456263.0,25.908495568940765,520.9703935047997,-7.754441645639616
456264.0,26.21245825437724,521.0252828297185,-8.185447397061267
456265.0,27.338873786965735,521.8116525533621,-9.00151675160447
456266.0,28.914638601379167,522.8186791145648,-10.269606603498772
456267.0,27.30930072223356,521.6181753940743,-9.297500715358495
456268.0,27.861894825594533,522.143571952488,-9.765546322038091
456269.0,25.454400406367462,520.582304223261,-8.675407965282147
456270.0,26.266032757412113,521.1403370039354,-9.519457070557678
456271.0,23.63824404252545,520.545333365635,-7.115397940473059
456272.0,29.470827604068823,526.526153269142,-11.848915745067075
456273.0,24.29149281853313,524.8918662069184,-9.92675850627009
456274.0,22.239577044822767,525.9372996935631,-9.99383760052774
456275.0,19.22177760402161,527.4797599139164,-9.430955844083996
456276.0,18.949214470418966,529.7805084342233,-17.11214675325735
456277.0,19.199576559446044,532.3986327322042,-23.270366679001
456278.0,-12.853701046509883,512.5047854494098,-1.7147124934212172
456279.0,-25.661277188158763,512.3045458146541,7.2942650573061485
456280.0,-19.40374092237917,555.6760191975346,68.87463706194595
456281.0,2.6467673612913813,549.7626284185338,25.59418099857703
456282.0,-30.98360677675379,535.8099501886708,5.8852999131582635
456283.0,-58.30814118219391,519.0970940971255,-18.390501935922828
456284.0,-23.251450660770374,578.9710037534861,49.08854114834389
456285.0,-52.69650184882927,546.7461084770089,11.814224576688702
456286.0,-55.33170313917557,546.0440271602984,-2.720737322699051
456287.0,-59.8534474914474,550.194664325198,-1.8651367083293167
456288.0,-64.79910984037927,552.9635552646398,0.18757427650044178
456289.0,-68.62306452032455,550.8263868066565,-2.481279806349704
456290.0,-72.82606316256835,552.601143132473,2.5715193014345914
456291.0,-75.26657272466633,549.9751462218517,4.536719164036441
456292.0,-74.5850176936271,545.7190352726634,6.801094684442091
456293.0,-79.28315050458593,539.4252643798716,1.891576246762611
456294.0,-82.33594708668912,535.3534097783426,5.194882485487653
456295.0,-83.70854816341341,531.2628599003538,12.84320849318982
456296.0,-89.72668917791995,523.3868065605583,5.105781289888085
456297.0,-94.67034902360874,517.9068070678832,6.475159563090642
456298.0,-100.93643111462325,509.46510435945027,0.895746980048699
456299.0,-105.2240740127479,502.2554469281117,-3.1457474640168925
456300.0,-107.99902844827935,497.25772381683373,1.5045998534441765
456301.0,-112.73481333628304,491.7474587380205,5.253947429729578
456302.0,-115.71658977809828,485.3820429798474,4.137384216948476
456303.0,-119.40072958089654,481.55382878824435,6.531608068729014
456304.0,-122.77809575152637,477.32399710381577,1.848863598090162
456305.0,-123.729758307646,470.5469911627009,3.9613514573884743
456306.0,-128.0371425181874,495.77969233328076,15.81234496957427
456307.0,-127.83287829285169,457.13871044956875,-7.185749197757161
456308.0,-135.1103839202985,458.6499002879578,10.329991851580672
456309.0,-138.57571700490575,459.06910862737664,10.984887221568954
456310.0,-134.04018509723232,452.1264092631977,-3.594517391737355
456311.0,-136.45235193106691,447.2477169282111,-4.86722273233508
456312.0,-141.1228556285314,441.7250683157215,-5.395937412674385
456313.0,-145.54054132617767,438.7394000801042,1.3081705431582122
456314.0,-145.26348520625822,433.2561687567686,-0.18744634353191714
456315.0,-142.45454848950118,429.368333043454,-0.7071187212986842
456316.0,-140.1507835566348,426.80138075735164,2.628105497955545
456317.0,-135.33733079861213,422.5045269025343,2.9004969956061757
456318.0,-132.15133472502782,419.3718120877609,6.109771620433349
456319.0,-126.21682986441888,414.0628927417929,2.1712404443336197
456321.0,-111.4051358487129,412.72782937738,4.862603216618197
456322.0,-113.82047838546785,408.7590348264716,-20.559182531167238
456323.0,-91.90917207754569,416.64406961034763,5.175657834798699
456324.0,-102.76056740245772,397.5968728758594,-4.359285487633656
456325.0,-86.74882758491373,402.64116956295607,6.144634176222439
456326.0,-84.12184072100465,401.75045660232945,-8.80527421952425
456327.0,-79.75910109609383,393.56190461869403,0.8952950499120789
456328.0,-74.86714235261809,386.7278373377927,3.4177745671577213
456329.0,-62.45787677072046,388.7981469991029,-2.6232184517728854
456330.0,-60.349531508800474,382.4886883171108,0.5921853496292044
456331.0,-66.49381026904797,368.5447618936347,-4.110050429936933
456332.0,-47.51030300603301,376.9165771912138,5.826627339870839
456333.0,-43.52253220056846,372.6831370156295,16.31890588574774
456334.0,-32.45897589238292,377.0647851551355,12.827712856168006
456335.0,-62.60250788496377,341.6631395704765,58.32149357426783
456336.0,-42.65390656649535,355.5909577485452,25.210892736397696
456337.0,-44.50415368245105,358.71783931035316,34.04370409538754
456338.0,-45.573409903284244,357.33332323133345,34.05377467632982
456339.0,-47.534773703599875,356.1754639031838,31.724825468671284
456340.0,-42.973818693920705,356.05858669587553,21.17186435730096
456341.0,-47.183146663317984,352.3256109733686,23.02504301932572
456342.0,-47.38377303003127,352.41170401937626,23.95203675407302
456343.0,-36.6133603868136,365.2431709853673,10.265381919919065
456344.0,-69.44139907707105,340.0271460102363,91.05651075301172
456345.0,-43.361070499994966,356.6493754899664,70.73482863486338
456346.0,-52.24579228403266,345.63474280542687,27.91737161015989
456347.0,-50.1254651322196,347.64789972434914,34.04427863652644
456348.0,-47.30829383269074,356.9561807933325,18.5887832551698
456349.0,-48.480798348896585,355.87943761144544,19.26183494472528
456350.0,-48.63000009674676,355.7962692748312,19.13683847305795
456351.0,-52.55677951567411,348.5222933323832,30.413211098446467
456352.0,-53.33307500594762,349.1954985722726,29.21716764081428
456353.0,-53.29320268813353,348.50696201365554,29.45920583139926
456354.0,-57.00982141142502,350.03115925437055,23.95608979559384
456355.0,-50.5375391700958,350.2654505605804,23.934131405828126
456356.0,-44.62585314575366,351.62402038469367,17.621100329757468
456357.0,-41.01842202637922,355.6964773492148,21.147897536941244
456358.0,-24.07362781345818,347.82932962979856,15.81742012749703
456359.0,-21.184164147223242,346.3076987355184,13.396513608125332
456360.0,-14.138785722460206,345.81966057719336,15.013559730179495
456361.0,-13.171710734153933,337.28076874728424,-8.462978558750606
456362.0,-3.209078240911431,333.30558596655396,-11.315755701644804
456363.0,1.12076872407728,328.9653324780346,0.9984715499048775
456364.0,8.188818495611734,325.2351175670148,2.821658710110569
456365.0,2.246704789786012,309.1309793750634,36.4054686940959
456366.0,22.19529671080656,316.7004958568135,0.6260571200371174
456367.0,27.525561610905786,313.3652144950562,-3.236798042737803
456368.0,20.45815435939344,299.2564516796759,30.09390972085383
456369.0,35.193564404723304,305.11162504013083,3.2465665638619328
456370.0,40.84901119748464,306.62517752777126,-0.9205401043189738
456371.0,45.95413906597487,309.81524598697195,-0.5517297991353445
456372.0,48.912804954188644,308.9241594011103,-5.427708347505842
456373.0,53.397137754675605,315.68498300978837,-0.24507708233629444
456374.0,54.52278007055469,317.5914442736224,-8.016181757148729
456375.0,56.82729265175614,327.01635566433794,-2.0036806362431605
456376.0,50.745975765242235,323.5944408179041,-27.671453961913457
456377.0,54.038392384505876,328.91169699068024,-27.215754419406323
456378.0,62.83745850525448,336.4215590918448,-15.353228746273686
456379.0,68.72776601547152,341.4474026509753,-10.512557947785808
456380.0,81.11165380905042,349.5154277733795,11.24785736581174
456386.0,120.08739655654381,380.76861331304195,75.38544437762839
456387.0,103.24577408336626,374.5893696339645,36.701106849511405
456388.0,125.13074366292682,388.0887694368653,94.17290398230006
456389.0,121.42923286949232,376.03313785230375,64.45770138924978
456390.0,142.11189583864825,385.08641961959506,57.711731264381314
456391.0,133.41873865334446,388.6622673054984,73.09570093163742
456392.0,123.18537894449504,394.1240944170339,83.54056977397784
456393.0,127.1164972413724,396.16534961050354,89.32936556139558
456394.0,125.50419635460493,394.39557943382914,82.60950771713406
456395.0,124.37049601884841,394.8278712500006,80.63950302448629
456396.0,124.13812027282088,394.3804274966901,79.52653537531863
456397.0,124.39039613877537,394.76534617610787,81.29050652739329
456398.0,125.31884419473266,395.2617249189925,83.92345746273881
456399.0,123.28625631237924,393.90394808024837,78.12158148504821
456400.0,124.29559761998414,394.47576158181477,81.1355263865287
456401.0,124.62842723019422,394.5350312309305,81.51051620984141
456408.0,128.0941911975573,391.02294242955145,68.62166497495717
456409.0,127.20434483910627,389.9465080795652,63.766749015781755
456410.0,127.03195630696683,389.9795030298319,63.720750421447406
456411.0,127.20568143759856,389.88592518850425,63.59475271208285
456412.0,130.71743930037675,391.3768706231873,70.34158996110308
456413.0,129.72320809944262,390.43220606244824,65.42266844186011
456414.0,131.43456573963877,391.0026868163329,68.31559829749108
456415.0,132.02241248761806,391.0879553130018,68.26858090552247
456416.0,129.55075221020172,389.8085404330132,61.79271028448149
456417.0,128.65378825503566,389.7954853692655,62.1047292351505
456418.0,125.62716188283457,388.50014132652933,55.924868974283726
456419.0,126.68008479059574,388.9482484268467,58.76182070877431
456420.0,128.34552769747745,390.1873898506471,64.13471135789433
456421.0,129.64390975127014,390.6864806297764,67.64965440406189
456422.0,129.7979790157363,390.69651831699,68.78965065718504
456423.0,129.95275033782954,390.74060513152756,68.9966447927061
456424.0,130.7066125214503,390.8822901695543,69.77362067104536
456425.0,131.2472640511568,390.64364053626446,69.46662427101005
456426.0,131.4478851412721,390.78151270226925,69.54161165028299
456427.0,135.12588587879233,388.4457520907387,61.56267824587577
456428.0,131.3027234183215,392.19083776901016,71.2355276846363
456429.0,130.2154567657021,393.4214391028107,67.74647376787848
456430.0,129.19834460612304,395.3880632564241,63.68637218259936
456431.0,83.55738323617017,379.44871660093776,-34.18989386583513
456432.0,174.15818155041572,413.1589409156211,128.99717134820978
456433.0,102.51895319074728,394.329337034527,20.81892237512369
456434.0,109.99025053413156,402.17432419608923,33.70330556822162
456435.0,101.22084712952858,402.3223466494296,23.687441290069472
456436.0,93.84837270749156,403.5432684267172,13.33247641528061
456437.0,85.55003903644747,401.6320348342163,27.06671436606402
456438.0,63.84703272207735,398.42252588481955,-21.917829320163122
456439.0,49.80693429054411,391.04162032694256,60.92075507888548
456440.0,63.95054659305053,409.0027281154517,40.0454965466913
456441.0,66.9805097829451,413.87810932244383,18.49214925429925
456442.0,53.69747351984994,415.8787698322547,0.9391439922510756
456443.0,57.48031563313046,427.6784622401901,-0.12267338594833177
456444.0,53.78939140756039,432.4282670141617,-3.724963168543752
456445.0,44.20433969949116,432.75082710514687,-5.038911567829217
456446.0,45.416335469798895,437.2417875143074,3.218772033128687
456447.0,44.264353707006975,439.2078252493434,4.102644335616702
456448.0,46.85196332092312,442.07516678961207,2.155426716830476
456449.0,51.18198168390293,446.0152397253704,2.391117699379464
456450.0,42.42671290936369,445.2537465976039,1.5842354002139984
456451.0,42.601024257492554,447.5755832517662,-2.1749291375096504
456452.0,43.53383625620529,452.37026419942913,-0.7572754770265533
456453.0,46.251452969688145,459.1020183610491,9.681221886350869
456454.0,39.18450975834741,456.9607112534998,-4.335576256049507
456455.0,40.47288672965585,457.46072528301164,-8.316620340633477
456456.0,38.59876521201861,462.4222568293018,3.5130316243724167
456457.0,37.779478370178985,461.1310211351805,-0.4918695042849208
456458.0,38.872513098236695,460.9779052419204,-1.6428649447514942
456459.0,39.54978409415896,461.64712937196987,-2.415917768611081
456460.0,39.36987273991582,463.7342571455353,-2.325068862303908
456461.0,37.79288416496328,467.51441077500954,3.9296632689813578
456462.0,29.876706776012007,470.3274756635554,11.170497352554264
456463.0,35.64860393321315,476.4758982571825,2.0770089301801704
456464.0,32.60695266742344,481.1940300312031,-2.7703308995723717
456465.0,27.314340573886682,485.9240991940803,-1.9806665518243562
456466.0,24.868623948480277,493.22424237374855,6.341780165323172
456467.0,8.66724898147205,491.1845494484963,5.61798097218616
456468.0,-0.7298269292148234,493.6800084311466,6.374793136859267
456470.0,-11.385103836787394,504.0224751871284,4.571969830550643
456471.0,-11.96892253506455,513.0550103254175,7.702244790086894
456473.0,-26.538932956274643,524.6610423205295,29.552251771105574
456474.0,-27.10813304390426,532.2171340802971,10.844619972567585
456475.0,-85.16220556865284,513.8928965547517,4.35961991527509
456476.0,-49.3294305105613,536.899095829601,25.799092464030878
456478.0,-37.00544205644835,546.3889425355629,33.656365710679864
456479.0,-46.858424430362774,543.6713050022574,11.626534340253812
456480.0,-45.63044054549901,537.40623651263,-14.890923095149134
456481.0,-49.77918628153925,541.7581567933777,0.013675829985970722
456482.0,-52.016540700796185,543.5080385486366,9.633508358869676
456483.0,-51.87692164060347,545.7768352255762,10.408314736940639
456484.0,-52.33056806193549,547.796879597669,19.64113697998536
456485.0,-48.292604319168234,545.5840921446932,9.788359445177235
456486.0,-48.317332846977266,545.5606063389318,9.670361277269677
456487.0,-48.393067579899366,545.5196458631877,9.79936422601807
456488.0,-48.36843685472509,545.2872663203666,9.121384386018065
456489.0,-48.51465218766147,545.3080096407163,9.534381495331075
456490.0,-48.451595033660254,545.3003988385293,9.884382629658035
456491.0,-48.500335797909614,545.4163799852503,10.371372291862286
456492.0,-48.453863870549824,545.3399549076024,10.161379213449408
456493.0,-48.663864762619696,545.60105077032,11.25135517275578
456494.0,-48.53094175565758,545.4743346053633,10.840367078080334
456495.0,-48.87077134648379,545.7822682385989,11.890338008105232
456496.0,-48.81461433893726,545.7907863705258,11.794337704133682
456497.0,-48.78185211137402,545.9071086614815,12.38732794840925
456498.0,-52.404268126590694,548.1152066106303,23.07310889487033
456499.0,-48.722095559593185,546.109496162443,13.264310990891943
456500.0,-50.114482219270926,546.7000741161257,16.131249358386526
456501.0,-52.832379137671936,548.5120326751173,21.2250710631466
456502.0,-50.944380894009555,547.0097149572952,6.133216059951366
456503.0,-53.55865535043793,547.7314499693068,3.08713237585917
456504.0,-55.41827668727426,548.9441409582442,0.8870116822341174
456505.0,-59.21308908286524,551.2092807996087,1.4937812122386447
456506.0,-62.41633106680298,551.8247536442223,-1.073302826117697
456507.0,-66.52015320528636,553.5347546733348,-0.8074932437879738
456508.0,-70.35421169628204,550.813609904335,-3.0592975499793056
456509.0,-72.67181242919258,549.7359947387305,1.2497699556613213
456510.0,-77.02293886619321,545.9661825885635,0.08704443537348538
456511.0,-79.19911666648036,540.4918354433615,-2.276513494449489
456512.0,-84.11305385397239,535.4343359968076,-3.0361475501337623
456513.0,-81.23499588589988,533.254379499214,5.89807336628877
456514.0,-86.87577666518183,525.9659677585169,-3.524392577262887
456515.0,-91.57662366537345,523.7894824091812,-3.867278251677476
456516.0,-89.5147488327018,522.1056277877728,5.358889827984626
456517.0,-88.55559823589633,520.6271144664678,15.043024740018069
456518.0,-93.49573155951347,517.5431809709219,8.24020655851902
456519.0,-96.4871315105257,518.4704620285595,6.536086315091012
456520.0,-97.50438618666684,515.4768366237688,2.0273147635159887
456521.0,-98.43515087125829,518.3394701586177,24.094067326088776
456522.0,-99.30288792381938,515.713121643779,12.511267862974847
456523.0,-141.5627071738709,574.6694441185117,284.94940538483496
456524.0,-98.42317903201734,514.0438337369349,14.402416965485287
456525.0,-98.56196538557,514.2393592336605,13.997398977082725
456526.0,-97.32626240969913,513.3459465341286,9.921490279268482
456527.0,-97.07361438302584,512.8381205223704,9.976535195138155
456528.0,-97.36123631848741,513.405984031556,6.05248487509931
456529.0,-97.51216494397084,513.4727455397336,4.5314771621858085
456530.0,-97.4134594657021,513.3695685196593,4.879487019712428
456531.0,-97.48812629354768,513.5706975895685,2.572469593747769
456532.0,-97.28729719283149,513.3820774136665,2.1014879233441377
456533.0,-97.15795867979693,513.3000000973759,0.4574965295936977
456534.0,-97.21242914041903,513.1351354916808,-2.050490973169559
456535.0,-97.50771671320877,513.1543993909168,-3.490497040333338
456536.0,-97.22685064173557,512.709769711564,-2.4844568056233527
456537.0,-97.56941985140804,513.0408023623097,-4.661488800807803
456538.0,-97.5599284460773,512.9931224156203,-5.454484803118504
456539.0,-97.51740684015749,512.9807858336519,-3.269483149045982
456540.0,-97.42944472191115,513.0343365776002,-1.076486127147973
456541.0,-97.56153184288198,513.0459180220683,-1.6514890844062222
456542.0,-97.42272108444675,512.8091785687801,-2.878467827728173
456543.0,-97.46961886594462,512.9934159190599,-1.8174834346201578
456544.0,-97.38563968930427,513.1660432797106,-1.9044961137157088
456545.0,-97.47065080487852,513.1924204367292,-1.634499543922459
456546.0,-95.79773336196378,512.0366519144352,-7.4103808498292665
456547.0,-97.35112855044099,513.5890992044503,-1.2775298157665702
456548.0,-97.24746419683233,513.6726678948718,-1.7115350027143847
456549.0,-96.99357379737232,513.7296838362256,-1.843535754021076
456550.0,-97.32919058946007,513.9484937770552,-0.5175585829809393
456551.0,-97.21408879711396,513.9512230213516,-0.9915570494468398
456552.0,-97.15896517824882,514.185002709741,-0.7485751510004945
456553.0,-97.36371852345783,514.7140789917048,0.4433788319570624
456554.0,-97.28983764244947,514.6008939855246,0.2713891394310508
456555.0,-97.5924700359709,514.7386904045944,0.7753733417285673
456556.0,-97.6025669113667,514.7675881003314,0.7253708431210271
456557.0,-97.51447386513429,514.7404848693895,1.0613743905161073
456558.0,-97.59589276065925,515.0189769800531,2.357350549066126
456559.0,-97.55872640292358,515.5011832904164,4.565311964791675
456560.0,-97.7283466545428,515.8788969234989,5.892278672133045
456561.0,-97.68114556263046,515.5630224255251,5.162305069090564
456562.0,-97.57862256154993,515.7839491769516,5.31028868282695
456563.0,-97.66158132756262,515.8222197743028,6.130284303090207
456564.0,-96.85009591808733,515.2245006094618,2.4203452263858765
456565.0,-97.6566312788037,515.7286237807286,5.819291987303984
456566.0,-98.39474680654187,516.3866593086523,9.109227135719294
456567.0,-99.056290994723,516.7838332011298,11.395184571611708
456568.0,-99.70393114806504,517.1926651899697,14.058141180150642
456569.0,-100.22410416940063,517.5795285052294,16.197101492357575
456570.0,-100.69265963007686,518.0625375347994,18.67905470284427
456571.0,-100.80704371166756,518.2289216661713,19.411039311584858
456572.0,-101.63469129100241,518.1875848699157,21.656029566877947
456573.0,-102.69172620453656,518.7823285188841,25.474964054912363
456574.0,-102.75066826418717,519.019881142604,25.791943678851737
456575.0,-102.10951843128123,518.5509223736105,23.175992306756115
456576.0,-101.57879522566614,517.3358663694924,18.244099950605744
456577.0,-102.69035446248508,516.548047176505,16.153146342903227
456578.0,-100.57491818491715,515.8631285145167,13.298235751008292
456579.0,-101.76244276138955,513.5521264735866,12.20940439903211
456580.0,-101.49589950347087,509.54873351227593,5.2937314047304085
456581.0,-103.70570333998964,505.13175732153053,5.140049071700446
456582.0,-105.91869407589348,499.6440149621337,4.03744725711536
456583.0,-109.66915578372704,494.2125320669174,4.270809313621157
456584.0,-115.00943196552296,488.89930062988196,5.61412695018339
456585.0,-118.50589557698657,481.0604294805174,4.146662171244515
456586.0,-122.50019196221353,473.72206680199787,5.381138910293743
456587.0,-125.51076476166847,465.277992578356,0.337705251236315
456588.0,-127.52115118692411,460.24474919873956,2.7320325124641727
456589.0,-134.8425257089599,457.53456803650135,7.106078036985053
456590.0,-140.48061871950907,450.89448877333905,-1.2885682491552757
456591.0,-141.90704070943372,445.35079619276763,-1.4222082601250463
456592.0,-143.66963240396626,442.0677599868956,1.7699819062790993
456593.0,-143.96471690808877,436.85814338869227,3.2853361074863017
456594.0,-141.3737875309159,430.7998907247983,0.8228082755585433
456595.0,-138.19889920206538,426.94032394391206,2.4631387212740776
456596.0,-134.6277897480259,423.8637919420135,2.9844213414765193
456597.0,-129.94307403714942,420.4018178927101,0.6717487910531759
456598.0,-126.33494114160322,416.33276166618066,-0.69891044339019
456600.0,-104.78321336772376,407.23904044410307,29.54607012116128
456601.0,-107.93198877521093,397.38401613045625,17.660642518785664
456602.0,-92.8202588367671,405.2928775020279,8.254379919636449
456603.0,-87.68041081600853,403.20878136994645,-1.117414618811324
456604.0,-83.19566693762576,397.2698736645279,1.0340200790356278
456605.0,-76.36601361495855,393.95784370989173,2.1923119878109105
456606.0,-74.23662781442735,389.6117039103765,-5.4073945211690955
456607.0,-65.3065508175137,382.00337335409927,8.181165797277032
456608.0,-67.17480924578302,367.5445367320877,6.05500047622084
456609.0,-50.81034382333798,379.3637198958645,4.146456062449943
456610.0,-50.531265338451995,371.87176213671614,21.25390185232547
456611.0,-41.21131781290798,373.01491485452686,12.942901727320873
456612.0,-39.36250489649068,368.05112190151567,16.806203297609954
456613.0,-38.8470979514942,364.9200261392112,15.57638731565919
456614.0,-42.11574761732144,358.6264552372993,14.080725438854586
456615.0,-36.20353720636407,361.35977179356144,21.10660664391297
456616.0,-37.394006446971794,356.4254092161096,26.597878907443373
456617.0,-40.725928359475276,348.9207922000441,40.46827568535639
456618.0,-43.33488202474446,345.9716621837681,33.65141999141116
456619.0,-47.04455318135501,342.2448145057567,32.31259584781135
456620.0,-47.99230177889294,342.49439104544797,29.835575320062972
456621.0,-49.44536752498544,341.40708535777134,27.703622823757883
456622.0,-45.163370366934316,345.14459276131953,37.81545236534346
456623.0,-34.105107565085625,363.97801456513685,19.776468539207187
456624.0,-34.31870793401263,363.572692826713,19.20049063363615
456625.0,-41.92781067457637,351.58218576959143,28.16512096161155
456626.0,-42.17305360900875,350.95159100781285,28.885154259223995
456627.0,-40.969533749009884,350.842789704955,27.865168115231526
456628.0,-40.628490644390105,346.3185724640182,29.316418864199562
456629.0,-37.91259287356544,357.7504882688336,-10.284198790053807
456630.0,-27.320428343239968,351.9367846954285,17.238180542770678
456631.0,-20.861330553006212,352.75356854624107,13.518159563565305
456632.0,-23.490730567029445,340.75768605609926,13.474806041604708
456633.0,-12.252927932240354,343.61096789145705,7.252683621383596
456634.0,-5.0689635695610775,341.5375263486329,8.489805327685957
456635.0,-0.6701735435485077,336.71548259561314,2.305065040409957
456636.0,0.12581214090425874,331.1191724308839,2.0613596067854303
456637.0,-4.626426915755566,323.33997643617494,30.475759187468384
456638.0,6.606635655290788,319.82987978627085,1.494935320534509
456639.0,13.226862159459515,321.99718846051474,-2.6681845974846965
456640.0,16.440994987460833,321.62985706988707,-3.232173436103068
456641.0,19.931791781717347,321.7624146782733,-3.1431901054657914
456642.0,17.398049717191274,315.28086571709974,0.44814270604875617
456643.0,21.951901771794834,318.25913607090405,-2.719020036322064
456644.0,26.296595187966286,315.97166989895754,-3.38792212955849
456645.0,29.892084249044725,314.40699252950145,-3.5408602300666843
456646.0,38.50188353071959,318.80148875103527,-8.248125666606569
456647.0,35.47485122947623,303.0342006920881,-0.04633543510485083
456648.0,47.59986063577792,299.8160259337468,17.76973855176925
456649.0,56.00556333304849,300.78529022693425,12.578624432873568
456650.0,60.271648569352266,297.1419446415464,10.832757239430578
456651.0,60.91025066979191,293.92738141659777,4.944900904230934
456652.0,65.13155699333007,286.7200734529915,-3.7398109936727195
456653.0,73.16351478565902,281.97251301782086,-0.6246852549288491
456654.0,76.14396129736815,276.1459092265256,-3.0784638496279797
456655.0,87.30304134006937,279.51954111849835,-1.910754495309476
456656.0,92.55864834145027,271.15334956252065,10.595534517265577
456657.0,94.98688623103239,267.8287022667608,0.8886400406025956
456658.0,102.14543087230285,265.64862389190176,6.5456211271696105
456659.0,102.86334189967911,263.35065029850864,0.8307053889863738
456660.0,103.64734464237668,260.44555367923317,3.9048126263173657
456661.0,107.71199516832678,257.6525956536699,2.895859344153962
456662.0,113.50152034850588,254.77476569476335,0.29787520545193047
456663.0,119.94525749176506,253.23686963357446,4.216818912546074
456664.0,121.86811286405825,247.99919360700716,2.647989371310871
456665.0,126.02578984883246,243.05526130857123,-0.36890006646520135
456666.0,133.02063708586633,239.89750564997178,-0.40492186061885604
456667.0,137.69179210543427,235.13513037740825,-2.081842661497703
456668.0,144.4445986199346,231.959879466516,-2.20387506119134
456669.0,148.82605593443577,228.35261225983672,3.222155117171681
456670.0,154.4008016866597,225.37412400193,3.0141291659359126
456671.0,158.55092447247733,221.18453127818034,3.107174840050206
456672.0,165.71076953345207,218.18565726300756,-4.448903244557485
456673.0,168.30816352193105,213.30284218591694,-4.847805186458885
456674.0,168.02038939039002,205.55116885300583,0.5264582742948818
456675.0,167.17104095531715,197.5851683137234,-5.9502663448204345
456676.0,165.86103504874475,194.10658190671126,-1.2051247790565185
456677.0,161.96456209281882,185.30153315567014,-3.781761421223223
456678.0,158.39701595141543,180.3260878498041,-3.9505285083411863
456679.0,156.92963221866114,172.4598933831288,-1.9602735539132894
456680.0,153.76152465069387,166.70094861972652,-0.12304250105794523
456681.0,149.27725207819972,163.19234480394758,6.467155195540634
456682.0,148.99007585560042,151.36147454141593,-7.201544823814558
456683.0,145.85100595869827,147.29797387245304,3.775623341951693
456684.0,144.11526158121973,140.78426643215215,0.6408106577159955
456685.0,136.97821695072128,137.2466636120514,4.954045365146563
456686.0,134.71760713523514,126.5632589214438,-3.3926844042649122
456687.0,129.48265262696862,122.68400525759694,-1.5564998339699159
456688.0,124.1002869793578,120.0484737265877,-2.0893424751498912
456689.0,118.17232083974488,118.58817852281561,-1.8362024806038804
456690.0,111.86212969362703,119.5522740678232,-2.9911068361239046
456691.0,105.0892760155912,123.1138839807297,2.624940187067132
456692.0,100.69812814021468,122.72536031408725,0.6470185188698281
456693.0,97.11806483480339,123.84675044694082,-4.732947783111037
456694.0,85.74165739853274,131.67785570414776,13.326057527096012
456695.0,82.37931025658506,130.1868540883453,5.36513258607102
456696.0,75.15742217190524,132.31137075022025,5.442177782865166
456697.0,68.57440131973762,135.08769728261967,6.483193417072862
456698.0,63.473822382523046,137.92334841578514,5.740185181100806
456699.0,60.94243825805599,138.97628462308558,-0.5868131199397268
456700.0,56.864677917993205,140.11463632054966,0.21919948398101496
456701.0,53.68213040586272,141.88304724706163,-0.0448122496593939
456702.0,51.4335466727203,143.10386145940078,-1.1418211471717044
456703.0,46.812876360528335,145.2383246555501,2.045165921569172
456704.0,43.02660269201891,146.33509855577944,0.3291673716117032
456705.0,37.749116711002706,149.40096789458465,-0.5188706792400524
456706.0,31.753443973469665,152.27596806736884,0.1900936207759898
456707.0,24.361473085089678,156.59350600735925,5.387021030677289
456708.0,18.70015305686791,158.92655759181352,0.7549821199121354
456709.0,13.60320341667823,164.22824679924213,-1.0601399980539412
456710.0,7.788274257331317,165.68254504328164,0.004831939810735264
456711.0,1.3380951913268184,168.7299721531063,4.872756241512562
456713.0,-34.348082896671926,154.17529814167858,68.88903433281382
456714.0,-8.396724652042863,176.8774068417758,-1.885471052867402
456715.0,-13.04748427384914,178.54368949168045,-3.701525539026143
456716.0,-27.665185104041065,163.12302034414864,7.343843046178584
456717.0,-23.835837280609883,173.940653418748,6.789571151845678
456718.0,-26.288537639154004,178.49283026989877,10.30443508622622
456719.0,-28.40293342817979,180.25377993799714,7.986376239279835
456720.0,-26.73641064668106,182.69293492113485,0.5913136698648742
456721.0,-28.597344032775336,181.41986875949934,2.1263421311806354
456722.0,-28.774882080010364,181.36083423224267,1.6573430232766881
456723.0,-14.01827324364406,194.316977635622,-26.760991091818696
456724.0,-28.868439270423472,181.35372047679505,0.7153428037208442
456725.0,-30.19604515108302,184.432316387915,6.807247914979982
456726.0,-29.53102349897777,184.50931962165544,8.321248789928937
456727.0,-29.845295520283706,183.38023283660323,7.003280061723544
456728.0,-30.54361603908356,183.8276650321701,9.192263810522824
456729.0,-30.56543907948872,181.00709376893113,3.500344799473581
456730.0,-33.036696315530165,180.1196539764992,6.732357740845728
456731.0,-33.82361995108161,181.35833051581966,6.686318332160013
456732.0,-35.103182094668476,182.2562645580714,6.168285691516601
456733.0,-34.895531752892964,184.05239233556037,2.859234978239108
456734.0,-35.19362009911441,184.70457415372718,1.3242143881507928
456735.0,-36.09059421895397,185.2409823926477,1.6221937386755485
456736.0,-35.52694412498538,186.69098806270017,-0.4238455992879153
456737.0,-35.2537686873618,187.01348954443012,-2.70185358458626
456738.0,-36.74426108794485,187.3667529031251,-2.113872414506872
456739.0,-36.66111376126133,186.58964479767747,-1.2378490345365805
456740.0,-36.492837389107365,187.0891207116885,-2.8118627796176128
456741.0,-36.46563174620818,187.21091549622898,-3.249866217071528
456742.0,-36.49283115621189,187.43502677915473,-3.759872989348196
456743.0,-36.37721670577748,187.4912681369221,-4.145873990311472
456744.0,-36.51560496858187,187.52063442345911,-3.422875648836964
456745.0,-36.320853871141516,187.5828497480818,-3.994876376092421
456746.0,-36.362069491521595,187.75371070679412,-4.068881665058427
456747.0,-36.36763116533632,187.88403337204315,-4.461885555498668
456748.0,-36.43614628791142,187.63849528746653,-5.8238786803862865
456749.0,-37.44009186530606,188.96851616194712,-2.4759239641249735
456750.0,-36.40987260356596,187.1376472369654,-5.715863738073523
456751.0,-36.631505093894745,186.78723480610506,-7.402854681340273
456752.0,-38.63173736915856,188.0378847745945,-6.983903418987651
456753.0,-43.03314861498112,191.88502103717607,-3.493046768581692
456754.0,-50.11421453207446,195.97638954354247,8.75477649983685
456755.0,-50.8378104210646,196.93190920356517,1.263741185069776
456756.0,-54.212069330639295,201.29281272088912,-0.32642344759406683
456757.0,-64.90506840312636,201.77571992906547,-8.748538593701227
456758.0,-66.19450272099124,207.43646544494356,1.5922656138881166
456759.0,-71.62405370875888,209.6941166240785,-5.900867236739714
456760.0,-79.99617180469784,214.0420942216259,-0.6701118909416977
456761.0,-83.2105020255063,217.08338673649237,-1.9582563264032444
456762.0,-87.71652885413994,223.0557423719789,3.8874761705381786
456763.0,-90.59312355471599,223.42536009472872,-3.264577029529363
456764.0,-93.72865620910436,224.89539564655638,-2.7376742525797937
456765.0,-94.70473334643648,226.0099151563992,2.7052717366073438
456766.0,-105.00591778734831,223.59178421283593,-6.107803788511319
456767.0,-104.15807566076406,223.0095929954132,4.9182306063262615
456768.0,-111.1156308730315,217.79912594918778,-1.9727057523986673
456769.0,-111.85060189393866,208.76008653477044,-12.696414743855826
456770.0,-115.60975024871146,212.03884857987708,0.7534095369499454
456771.0,-124.47367107274685,205.94592552217975,-11.094556515944731
456772.0,-112.70099346635182,202.50312473295227,13.664773100623378
456773.0,-122.68892018384383,198.5880651881901,2.99971262832031
456776.0,-138.75148437193283,182.03533078738207,0.7768800944213368
456777.0,-130.05350852879164,176.14279542790433,10.534229626579844
456778.0,-139.45279976759474,172.1095868417307,2.1941418263613315
456779.0,-142.62877530892507,165.82119477102577,-3.3597609057020037
456780.0,-145.48596897912947,164.7872480353251,-0.8977984667597312
456781.0,-146.41791333801856,165.63586753144904,1.1431581190774622
456782.0,-145.57874120466772,163.77638381187404,0.2242255920254692
456783.0,-145.83676105896768,162.89991923054453,0.05624226396111709
456784.0,-146.13068609516398,162.2663459921316,-2.468748225296089
456785.0,-146.10930799643066,161.08252952163585,-5.074717572611057
456786.0,-147.4316430472619,161.62725984547868,-0.10576183675701856
456787.0,-148.31182617851755,159.21456703817995,-0.9207212304149053
456788.0,-149.52981877545227,156.42852012633315,-0.18568035123609405
456789.0,-150.80355297982726,151.91809574673186,-0.34860072288118005
456790.0,-152.2269815905074,146.85397137112489,-1.8055152850522447
456791.0,-154.2224825129994,142.23355877059993,-3.6554579383986407
456792.0,-154.71580872656003,134.8885510857329,-3.9043094714833515
456793.0,-156.09944178690534,128.94050108477288,-2.439219498315076
456794.0,-156.6896941622491,122.52663672152156,-3.8241068595148064
456795.0,-157.00833600489528,116.00990459073464,-4.975992189697415
456796.0,-158.70664624337434,111.5325173892212,-3.5019539110617544
456797.0,-161.11342917516367,106.28596671694372,4.094075839629809
456798.0,-164.24550352254144,99.91000508052055,10.137099601478944
456799.0,-163.0920597998241,95.14816073017222,8.473202383760324
456800.0,-158.928127863661,89.04422749934294,9.77539605006433
456801.0,-148.17763248032315,84.10526172879702,2.312722135067464
456802.0,-147.7950085272499,79.15317413749497,7.9087947223672295
456803.0,-147.09672213168972,74.48913307761313,7.266867329876764
456804.0,-142.01172283082897,71.69652901997958,2.472014691359856
456805.0,-132.89644300671247,64.80510368679879,-9.337714832126863
456806.0,-133.68368217101596,65.20551719466721,0.6452646234792816
456807.0,-128.08153654425067,61.96948615171652,1.3594119599112098
456808.0,-123.1446418062663,58.83313021327333,2.8915390005986588
456809.0,-114.27912427060485,59.03909460384884,-1.9142979856830884
456810.0,-108.13657592337634,55.20253512102825,-16.21615639874293
456811.0,-105.5285285995442,55.33475693067527,-13.55411388787915
456812.0,-102.97836107647109,58.98196091804123,-4.7751050802209
456813.0,-102.41012593155509,60.14358866862516,-1.735106839218453
456814.0,-103.52296952194773,59.90041678259812,-2.438122494700302
456815.0,-103.23243070655512,60.16852688384207,0.11587967367531604
456816.0,-103.18021994669877,59.952833571529325,1.9778825613834563
456817.0,-102.96073135785895,59.802448931743754,1.3558875249266187
456818.0,-102.5339203716936,59.741092637897594,0.6528949760054203
456819.0,-102.6737452831672,59.43712469945784,0.33489558245059214
456820.0,-102.60212909156257,59.283090960874176,0.14789817465761956
456821.0,-102.70383007545047,59.16161469928335,0.005897672937823728
456822.0,-102.65024177328033,59.0112327629844,-0.4571000661742026
456823.0,-102.63539959459864,59.00824043774756,-0.7150997979372526
456824.0,-102.56657089239442,59.02573802165295,-0.4990988536557168
456825.0,-102.5251519623048,59.03725645797716,-0.24809829618477863
456826.0,-102.55441701252866,59.00403686135324,-0.19209845596810027
456827.0,-102.4535415556292,58.89562838272388,-0.07009582886045962
456828.0,-102.33607751370374,58.98000975568675,0.20490527201042852
456829.0,-102.23303451701712,59.06804267424042,0.17990610372907057
456830.0,-101.87331665566708,59.37998131295274,0.42190894703679405
456831.0,-100.71976482720251,59.88060800759176,0.8539225537002437
456832.0,-97.53867390216,61.465770983949675,2.9699568117328496
456833.0,-95.63164503887414,62.609852281477934,1.4569744876190747
456834.0,-91.88060597040057,64.9664885878261,2.3810059074084897
456835.0,-88.69867031765372,68.0068089007581,3.7530190691621215
456836.0,-83.7950473292086,70.35198677925881,0.1810597730559067
456837.0,-78.99895878360057,74.84004641776419,1.9150695991605353
456838.0,-74.00840648957208,78.80541441647571,1.3850814160684095
456839.0,-68.70275493340891,83.02414290108405,0.9040869426275044
456840.0,-64.45721035520535,85.7107594345053,0.6760955131357846
456841.0,-58.827510793693925,87.94978691575142,0.7111192521168768
456842.0,-52.07824776170451,89.85414425162256,-1.308848780059403
456843.0,-47.214059861745504,88.41037128744934,-1.520790653177599
456844.0,-42.590887747311946,86.6389390954908,-1.628733684912408
456845.0,-38.11238493761507,84.2489421447099,-2.0756731797403525
456846.0,-32.721858584782254,81.96336886732371,-2.4056133223381195
456847.0,-24.28728442766409,81.11252474076628,1.8134352905510056
456848.0,-19.350855583221616,77.56755689325306,0.14549649878063065
456849.0,-13.143820132458579,75.9237031896255,0.529532187746689
456850.0,-7.29670760635962,73.55198652474992,0.20056948980663236
456851.0,-1.8267273315262997,70.91705387623244,-0.3853966000288196
456852.0,3.1995557903659915,67.49591851623181,-0.1353598233445723
456853.0,7.901979853456922,65.2768051551536,0.033659305637105064
456854.0,11.737722260777876,61.56289866610303,1.1896905259351733
456855.0,12.197808866291961,54.59271610045119,0.4227534682065084
456856.0,17.77742872532621,53.69398551062509,-1.4382519679148977
456857.0,17.077064692602313,43.31441475262749,-0.9781707030771507
456858.0,18.157462776681232,37.434632496399416,-2.8161362693419214
456859.0,21.88471821580613,32.24541873713734,-0.23411946795361338
456860.0,24.08066515807587,26.346497996107207,1.2858998608364072
456861.0,26.723604081295143,22.345116253638537,1.6029046938062876
456862.0,27.205847993349074,17.618971662426624,1.0779175409457329
456863.0,26.56802442905808,13.3244701326342,1.3129307012777742
456864.0,25.118742225296398,9.624057551728146,1.9009432609306698
456865.0,22.158953520744667,6.5364446369880955,0.7519581587938236
456866.0,19.34322178589655,4.09120458872199,1.1319693646624258
456867.0,16.652274010058676,2.038407730157663,1.9829779452809748
456868.0,13.325346255979168,0.3256756120619382,2.715986078501608
456869.0,10.38008738823734,-0.1738496150569162,4.604991556008487
456870.0,8.905547392449739,-1.200358467393265,2.6869936715359315
456871.0,6.565454217939302,0.14462056174366178,4.23499662202367
456872.0,5.591186845884695,1.2673565642533688,3.7949974229175174
456873.0,3.374537728308808,1.825014720841751,4.4999988450108175
456874.0,0.8656595904887876,2.566824033059084,3.558999421638635
456875.0,1.1941587896336283,0.9808853965091269,2.2699998125300533
456876.0,0.8476276948718562,2.1660774531221483,7.400999573565883
456877.0,-0.26770453654022575,2.1081640346459882,9.63599964420427
456878.0,0.45462354628716595,1.6222602400722619,7.015999775404202
